Name,organizationId,appId,Status,Status Time
1213 Plumbing LLC,surefire-local,1213-plumbing-llc,Submitted for Review,2023-03-13T21:58:10.164Z
123 Remodeling LLC,surefire-local,123-remodeling-llc-sevuq,Ready for Install,2022-12-21T14:41:36.590Z
2J's Custom Roofs,surefire-local,2js-custom-roofs,Live,2022-12-20T04:58:50.111Z
3 Generations Improvements,surefire-local,3-generations-improvements,Live,2022-12-20T04:58:55.878Z
303 Roofer,surefire-local,303-roofer,Cancelled,2023-03-01T15:22:21.765Z
3GEN Roofing,surefire-local,3gen-roofing,Live,2022-12-20T04:59:19.243Z
4 Winds Mechanical Inc.,surefire-local,4-winds-mechanical-inc,Ready for Install,2023-02-17T18:58:43.224Z
"7-Exterior Solutions, LLC",surefire-local,7-exterior-solutions-llc,Ready for Install,2023-03-08T19:42:21.233Z
970 Services,surefire-local,970-services,Live,2022-12-20T04:51:08.518Z
A & L Foam,surefire-local,a-and-l-foam,Live,2022-12-20T04:51:52.896Z
A & S Roofing,surefire-local,a-and-s-roofing,Live,2022-12-20T04:51:58.913Z
"A-Better Exterior, LLC",surefire-local,a-better-exterior-llc,Live,2022-12-20T04:52:04.679Z
"A-Line Roofing, Inc",surefire-local,a-line-roofing-inc,In Review,2023-03-08T20:16:57.405Z
A Old Time Roofing,surefire-local,a-old-time-roofing,Cancelled,2023-03-13T20:56:34.588Z
A Plus Cremation,surefire-local,a-plus-cremation,Live,2022-12-20T04:52:27.223Z
A Plus Roofing & Construction LLC,surefire-local,a-plus-roofing-and-construction-llc,Ready for Install,2022-12-20T04:52:42.793Z
A1 Quality Roofing Inc,surefire-local,a1-quality-roofing-inc,Live,2022-11-30T16:10:14.676Z
A6 Roofing LLC,surefire-local,a6-roofing-llc-alamw,Live,2022-12-20T05:03:42.057Z
AAA Roofing Co.,surefire-local,aaa-roofing-co,Live,2022-11-30T16:10:21.883Z
Aaero Heating & Sheet Metal​ ,surefire-local,aaero-heating-and-sheet-metal,Cancelled,2023-03-13T21:00:49.274Z
A&G Roofing LLC,surefire-local,aandg-roofing-llc,Live,2022-12-20T05:04:44.478Z
A&W Roofing,surefire-local,aandw-roofing,Ready for Install,2023-03-08T19:50:41.896Z
"Aaron-Carter Electric, Inc.",surefire-local,aaron-carter-electric-inc,Live,2023-01-30T17:37:36.588Z
ABC Fence Builders LLC,surefire-local,abc-fence-builders-llc,Live,2022-11-30T16:10:44.548Z
"ABC Fencing and Lawncare, LLC",surefire-local,abc-fencing-and-lawncare-llc,Ready for Install,2022-11-30T16:10:48.811Z
ABC Heating & Electric,surefire-local,abc-heating-and-electric,Ready for Install,2022-11-30T16:10:53.037Z
Acme Heating and Cooling,surefire-local,abc-heating-and-electric-bfhnd,Archived,2022-12-14T16:07:19.156Z
ABC - The Roofing Experts,surefire-local,abc-the-roofing-experts,Live,2022-11-30T16:11:09.158Z
Ability Roofing Solutions,surefire-local,ability-roofing-solutions,Ready for Install,2022-11-30T16:11:16.147Z
ABLE Roofing,surefire-local,able-roofing,Live,2022-09-29T19:20:57.365Z
Able Roofing & Construction,surefire-local,able-roofing-and-construction-qfbjv,Cancelled,2023-03-13T21:06:33.369Z
Above Air Inc,surefire-local,above-air-inc,Ready for Install,2022-11-30T16:11:33.143Z
Above Quality Roofing,surefire-local,above-quality-roofing,Live,2022-11-30T16:11:38.820Z
Absolute Contracting Plus,surefire-local,absolute-contracting-plus,Cancelled,2023-03-13T21:12:44.296Z
Absolute Floors,surefire-local,absolute-floors,Ready for Install,2022-11-30T16:11:44.088Z
Absolute Restorations,surefire-local,absolute-restorations,Cancelled,2023-03-13T21:11:57.905Z
Abundant Solar LLC,surefire-local,abundant-solar-llc-dtzrh,Live,2023-01-30T17:45:13.467Z
A/C & Refrigeration,surefire-local,ac-and-refrigeration,Live,2022-11-30T16:11:53.476Z
AC Works and Refrigeration,surefire-local,ac-works-and-refrigeration,Live,2022-11-30T16:11:59.730Z
Accent Roofing Company & Construction,surefire-local,accent-roofing-company-and-construction,Cancelled,2023-03-13T21:19:02.259Z
Ace Home Improvements,surefire-local,ace-home-improvements-rshp6,Live,2022-11-30T16:12:16.224Z
Ace Lakhani Law Firm,surefire-local,ace-lakhani-law-firm,Cancelled,2023-03-13T21:21:25.819Z
Aces Seamless Gutters LLC,surefire-local,aces-seamless-gutters-llc,Live,2023-01-30T17:46:05.894Z
Acorn Roofing,surefire-local,acorn-roofing,Live,2023-02-28T14:40:29.316Z
Adamson Roofing Company,surefire-local,adamson-roofing-company,Live,2022-11-30T16:12:27.461Z
Add Roof Life,surefire-local,add-roof-life-fyuez,Live,2022-12-20T05:09:36.993Z
Adele Roofing And Construction LLC,surefire-local,adele-roofing-and-construction-llc,Ready for Install,2023-02-14T20:30:36.789Z
Advanced Roofing,surefire-local,advanced-roofing,Cancelled,2023-03-13T21:24:04.090Z
Advanced Roofing & Siding,surefire-local,advanced-roofing-and-siding,Live,2022-11-30T16:12:53.684Z
Advanced Roofing Systems Inc,surefire-local,advanced-roofing-systems-inc,Live,2022-11-30T16:12:58.735Z
Advantage Seamless Gutters,surefire-local,advantage-seamless-gutters-8bvd8,Live,2022-11-03T21:21:22.025Z
Aes Builder & Home Improvement Inc,surefire-local,aes-builder-and-home-improvement-inc,Live,2022-11-30T16:13:15.396Z
Aesthetic Roofing,surefire-local,aesthetic-roofing,Live,2022-11-30T16:13:22.334Z
Afford A Door Inc,surefire-local,afford-a-door-inc,Ready for Install,2023-02-16T17:23:59.256Z
"Affordable Dry Basements, Inc.",surefire-local,affordable-dry-basements-inc-x0f2u,Ready for Install,2023-01-12T19:32:00.527Z
Affordable Solar Cleaning Pros,surefire-local,affordable-solar-cleaning-pros,Ready for Install,2022-12-19T22:47:04.381Z
After Hours Heating & Cooling,surefire-local,after-hours-heating-and-cooling,Live,2022-12-20T05:12:07.224Z
Air Conditioning Systems,surefire-local,air-conditioning-systems,Live,2022-11-30T16:13:35.862Z
"Air Creation Heating & Cooling, LLC",surefire-local,air-creation-heating-and-cooling-llc,Live,2022-12-20T05:12:32.779Z
Air Majic A/C & Heating,surefire-local,air-majic-ac-and-heating,Live,2022-11-30T16:13:48.849Z
"Air Pro Heating & Air Conditioning, Inc.",surefire-local,air-pro-heating-and-air-conditioning-inc-rf7d6,Live,2023-02-28T14:43:37.640Z
Airduct Cleaning & Radon Co,surefire-local,airduct-cleaning-and-radon-co,Cancelled,2023-03-14T01:58:06.352Z
Aires Roofing & Construction LLC,surefire-local,aires-roofing-and-construction-llc,Ready for Install,2022-11-30T16:14:04.423Z
Airescue Heating and Cooling,surefire-local,airescue-heating-and-cooling,Submitted for Review,2023-03-07T17:39:26.488Z
Airforce Heating & Cooling,surefire-local,airforce-heating-and-cooling,Ready for Install,2023-03-09T22:06:58.288Z
"AJT Complete Construction, LLC",surefire-local,ajt-complete-construction-llc,Live,2022-11-30T16:14:11.040Z
Akron Canton Commercial and Residential Fencing,surefire-local,akron-canton-commercial-and-residential-fencing-oy944,Live,2023-01-30T17:49:25.648Z
Akurate Roofing Group LLC,surefire-local,akurate-roofing-group-llc,Live,2022-12-20T14:54:20.878Z
Alabama Renovations & Coatings,surefire-local,alabama-renovations-and-coatings-8vkmz,Ready for Install,2023-01-24T00:24:16.965Z
Aladdin Appraisal,surefire-local,aladdin-appraisal-9scc8,Live,2022-11-30T16:14:21.629Z
Albert Air Inc.,surefire-local,albert-air-inc,Live,2022-11-30T16:14:26.599Z
Aldrete Roofing and Construction,surefire-local,aldrete-roofing-and-construction,Ready for Install,2022-11-30T16:14:33.458Z
Alexandria DUI Lawyer,surefire-local,alexandria-dui-lawyer,Live,2023-02-15T16:39:09.992Z
All American Roofing,surefire-local,all-american-roofing,Live,2022-11-30T16:14:39.214Z
All City Contracting,surefire-local,all-city-contracting,Ready for Install,2022-11-30T16:14:49.112Z
All Dry Services of North Tampa Bay,surefire-local,all-dry-services-of-north-tampa-bay,Ready for Install,2023-03-08T00:58:12.919Z
All Dry Services of The Jersey Shore,surefire-local,all-dry-services-of-the-jersey-shore,Ready for Install,2023-03-14T21:55:54.358Z
All Good Egress,surefire-local,all-good-egress,Ready for Install,2022-11-30T16:14:51.945Z
All Oklahoma Roofing & Construction,surefire-local,all-oklahoma-roofing-and-construction,Cancelled,2023-03-14T02:06:51.995Z
All Pro Glass and Screen,surefire-local,all-pro-glass-and-screen,Ready for Install,2023-02-17T18:18:27.726Z
"All Pro Heating AC Plumbing, LLC",surefire-local,all-pro-heating-ac-plumbing-llc,Ready for Install,2023-01-09T18:52:53.578Z
 All Pro Home Improvements,surefire-local,all-pro-home-improvements,Cancelled,2023-03-13T20:51:00.430Z
All Seasons Contractor LLC,surefire-local,all-seasons-contractor-llc,Live,2022-10-31T14:11:21.066Z
All Seasons Heating and Climate Control,surefire-local,all-seasons-heating-and-climate-control-077jo,Ready for Install,2023-01-26T18:42:06.648Z
"All-Side Roofing and Restoration, LLC",surefire-local,all-side-roofing-and-restoration-llc,Live,2022-11-30T16:15:20.195Z
All Weather Exteriors LLC,surefire-local,all-weather-exteriors-llc,Ready for Install,2022-11-30T16:15:24.995Z
All Weather Heating & Air Conditioning,surefire-local,all-weather-heating-and-air-conditioning,Ready for Install,2022-11-30T16:15:28.147Z
All Weather Roofing & Construction LLC,surefire-local,all-weather-roofing-and-construction-llc,Ready for Install,2023-03-03T17:27:44.396Z
"All Weather Roofing Restoration, LLC",surefire-local,all-weather-roofing-restoration-llc,Live,2022-11-30T16:15:33.077Z
"Allegiant Roofing, LLC",surefire-local,allegiant-roofing-llc,Ready for Install,2023-03-09T15:11:32.740Z
"Alliance Air and Heat, LLC",surefire-local,alliance-air-and-heat-llc,Ready for Install,2022-11-30T16:15:42.417Z
Alliance Roofing & Construction of Texas,surefire-local,alliance-roofing-and-construction-of-texas,Live,2022-11-30T16:15:49.232Z
Allied Precision Roofing and Contractors LLC,surefire-local,allied-precision-roofing-and-contractors-llc-kh4yy,Live,2022-12-20T15:40:57.134Z
Allphase Construction & Roofing,surefire-local,allphase-construction-and-roofing,Cancelled,2023-03-14T02:08:33.018Z
AllPoint Construction,surefire-local,allpoint-construction-kmjpo,Live,2022-11-30T16:16:05.595Z
Alltech HVAC Inc,surefire-local,alltech-hvac-inc,Live,2022-11-30T16:16:11.301Z
Alpha Home Services LLC,surefire-local,alpha-home-services-llc,Live,2022-11-30T16:16:16.016Z
"Alpha Roofing, LLC",surefire-local,alpha-roofing-llc,Live,2022-11-30T16:16:24.397Z
Alta Builders,surefire-local,alta-builders,Ready for Install,2022-11-30T16:16:29.575Z
Alta Vista Plumbing,surefire-local,alta-vista-plumbing,Live,2022-11-30T16:16:33.903Z
Altitude Roofing,surefire-local,altitude-roofing,Cancelled,2023-03-14T02:09:59.602Z
"American Accu-Roof Systems, LLC",surefire-local,american-accu-roof-systems-llc,Submitted for Review,2023-03-07T17:33:19.675Z
American Junk Removal LLC,surefire-local,american-junk-removal-llc,Live,2022-11-30T16:16:43.995Z
American Reliable Windows & Doors,surefire-local,american-reliable-windows-and-doors-auwvj,Cancelled,2023-03-14T18:32:06.193Z
American Roof Professional & Restoration,surefire-local,american-roof-professional-and-restoration,Live,2022-11-30T16:16:53.810Z
"American Roofing & Construction, LLC",surefire-local,american-roofing-and-construction-llc,Live,2022-11-30T16:16:59.261Z
"American Roofing & Rain Gutters, Inc.",surefire-local,american-roofing-and-rain-gutters-inc,Ready for Install,2023-03-08T20:09:49.437Z
American Star Total Comfort,surefire-local,american-star-total-comfort,Ready for Install,2022-11-30T16:17:08.364Z
Americanstruction,surefire-local,americanstruction,Live,2023-02-28T14:56:24.294Z
AmeriServe,surefire-local,ameriserve,Live,2022-11-30T16:17:14.939Z
AmeriServe Inc.,surefire-local,ameriserve-inc,Live,2022-11-30T16:17:21.393Z
Ameritex Roofing,surefire-local,ameritex-roofing,Ready for Install,2022-11-30T16:17:29.383Z
AmeriTint Window Replacement and Installation,surefire-local,ameritint-window-replacement-and-installation,Live,2022-11-30T16:17:36.719Z
Amistad Insurance LLC,surefire-local,amistad-insurance-llc,Live,2022-11-30T16:17:45.042Z
Amos Roofing,surefire-local,amos-roofing,Cancelled,2023-03-14T18:35:54.896Z
A.M.S Gutters,surefire-local,ams-gutters,Cancelled,2023-02-23T15:31:30.862Z
Ancient City Movers Inc,surefire-local,ancient-city-movers-inc,Ready for Install,2023-02-02T04:44:37.333Z
Anderson Bit Service,surefire-local,anderson-bit-service,Cancelled,2023-03-14T18:47:08.812Z
Anderson Restoration,surefire-local,anderson-restoration,Ready for Install,2022-11-30T16:18:12.577Z
Anderson Roofing,surefire-local,anderson-roofing-vqmvy,Live,2023-01-30T18:03:07.122Z
Andrew Muncey's Home Repair,surefire-local,andrew-munceys-home-repair,Ready for Install,2023-03-08T22:44:29.774Z
Angel Roofing,surefire-local,angel-roofing,Ready for Install,2023-02-24T15:34:55.049Z
"Angley & Angley, Attorneys at Law",surefire-local,angley-and-angley-attorneys-at-law,Ready for Install,2022-11-30T16:18:15.781Z
Annee & Bartram Heating & Cooling,surefire-local,annee-and-bartram-heating-and-cooling,Live,2022-11-30T16:18:25.983Z
Apex Energy,surefire-local,apex-energy,Live,2022-11-30T16:18:31.398Z
"APR Roofing, Inc",surefire-local,apr-roofing-inc-qzist,Live,2022-11-30T16:18:39.139Z
AQ Roofing LLC,surefire-local,aq-roofing-llc,Live,2022-11-30T16:18:43.991Z
Arbor Breeze Heating & Cooling,surefire-local,arbor-breeze-heating-and-cooling,Ready for Install,2022-11-30T16:18:48.076Z
Arch Exteriors,surefire-local,arch-exteriors,Ready for Install,2022-11-30T16:18:51.711Z
Arctic Air Company,surefire-local,arctic-air-company,Live,2022-09-20T21:10:19.918Z
Arizona Roofing Systems,surefire-local,arizona-roofing-systems,Live,2022-11-30T16:18:59.567Z
Armadas Exterior LLC,surefire-local,armadas-exterior-llc,Live,2022-11-30T16:19:05.293Z
Art Of Moving LLC,surefire-local,art-of-moving-llc,Ready for Install,2022-11-30T16:19:11.203Z
Artin Development,surefire-local,artin-development,Submitted for Review,2023-03-03T14:23:24.739Z
Aspire Roofing,surefire-local,aspire-roofing-sdsr8,Cancelled,2023-03-14T18:50:47.141Z
Atlanta Metro Roofing,surefire-local,atlanta-metro-roofing-xg6j9,Live,2022-11-03T21:27:03.611Z
Atlantic-Air Inc.,surefire-local,atlantic-air-inc,Ready for Install,2022-11-30T16:19:27.334Z
Atlantic Forced Entry & Solar Protection,surefire-local,atlantic-forced-entry-and-solar-protection,Ready for Install,2022-11-30T16:19:32.564Z
Atoz Air Conditioning & Refrigeration Services,surefire-local,atoz-air-conditioning-and-refrigeration-services,Live,2022-12-20T15:49:36.560Z
ATX Smart Homes,surefire-local,atx-smart-homes,Live,2022-12-20T15:49:43.739Z
Aultman Roofing,surefire-local,aultman-roofing,Ready for Install,2022-12-14T15:17:12.287Z
Austin Climate Control LLC ,surefire-local,austin-climate-control-llc,Cancelled,2023-03-14T19:22:52.575Z
"Autumn Sky Landscaping, Contracting & Roofing",surefire-local,autumn-sky-landscaping-contracting-and-roofing,Ready for Install,2023-03-08T20:42:39.104Z
Awning Pros,surefire-local,awning-pros,Live,2022-12-20T15:50:34.840Z
AYR Restoration Services,surefire-local,ayr-restoration-services,Ready for Install,2022-11-30T16:19:49.312Z
B & Z Heating & Air Inc,surefire-local,b-and-z-heating-and-air-inc,Cancelled,2023-03-14T19:31:11.635Z
Bajrami Construction,surefire-local,bajrami-construction,Ready for Install,2022-11-30T16:19:59.605Z
Baldpates General Contracting,surefire-local,baldpates-general-contracting,Ready for Install,2022-11-30T16:21:31.819Z
Bando Performance,surefire-local,bando-performance,Ready for Install,2023-03-08T20:06:03.657Z
Barnett Roofing,surefire-local,barnett-roofing,Live,2022-11-30T16:21:59.876Z
Barringer Brothers Roofing,surefire-local,barringer-brothers-roofing-nuck7,Live,2022-11-30T16:22:05.138Z
"Bartlett Contracting, LLC",surefire-local,bartlett-contracting-llc,Ready for Install,2023-02-17T18:38:53.866Z
Bastion Construction LLC,surefire-local,bastion-construction-llc,Live,2023-02-28T15:09:05.570Z
Bath Planet Central Texas,surefire-local,bath-planet-central-texas,Live,2022-12-30T04:39:58.560Z
Bay Valley Contractors,surefire-local,bay-valley-contractors,Cancelled,2023-03-14T19:32:34.140Z
"BAYHILL HEAT & AIR, INC",surefire-local,bayhill-heat-and-air-inc,Ready for Install,2022-11-30T16:22:24.587Z
"Bayside Designs & Improvements, LLC",surefire-local,bayside-designs-and-improvements-llc,Live,2022-11-30T16:22:29.611Z
Bayside Roofing,surefire-local,bayside-roofing,Submitted for Review,2023-03-09T18:53:38.831Z
BC Exteriors LLC,surefire-local,bc-exteriors-llc,Live,2022-11-30T16:22:37.264Z
"BE Relieved Heating & Air Conditioning, Inc.",surefire-local,be-relieved-heating-and-air-conditioning-inc,Live,2023-01-30T18:14:54.187Z
Beach Brothers Contracting,surefire-local,beach-brothers-contracting,Live,2022-11-30T16:22:42.619Z
BearCal Fire Protection Inc,surefire-local,bearcal-fire-protection-inc,Live,2022-11-30T16:22:49.512Z
"Beckstrom & Beckstrom, LLP",surefire-local,beckstrom-and-beckstrom-llp,Live,2022-11-30T16:22:56.441Z
"Beckwith Heating & Cooling, Inc",surefire-local,beckwith-heating-and-cooling-inc,Ready for Install,2022-11-30T16:23:04.928Z
Bella Closets & Cabinets,surefire-local,bella-closets-and-cabinets,Ready for Install,2022-11-30T16:23:10.025Z
Acme Homeremodeling,surefire-local,bella-closets-and-cabinets-8fmb4,Archived,2022-12-14T15:59:29.910Z
"Bellinson Law Firm, P.A.",surefire-local,bellinson-law-firm-pa,Ready for Install,2022-11-30T16:23:20.698Z
Bellwether,surefire-local,bellwether,Ready for Install,2022-11-30T16:23:26.001Z
Benchmark Roofing & Restoration,surefire-local,benchmark-roofing-and-restoration,Live,2022-11-03T21:30:42.433Z
"Bernfeld, DeMatteo & Bernfeld, LLP",surefire-local,bernfeld-dematteo-and-bernfeld-llp,Live,2022-11-30T16:23:34.433Z
Best Austin Handyman & Remodeling,surefire-local,best-austin-handyman-and-remodeling,Ready for Install,2022-11-30T16:23:38.309Z
Best Roofing Of Virginia,surefire-local,best-roofing-of-virginia,Ready for Install,2022-11-30T16:23:45.717Z
Better Homes Restoration and Remodeling,surefire-local,better-homes-restoration-and-remodeling,Ready for Install,2022-11-30T16:23:47.592Z
Betterliving Twin Cities,surefire-local,betterliving-twin-cities-vrisl,Live,2023-02-28T15:14:26.270Z
Big Fish Roofs & Restoration,surefire-local,big-fish-roofs-and-restoration,Ready for Install,2023-02-17T18:56:12.258Z
Big Lick Roofing,surefire-local,big-lick-roofing,Ready for Install,2022-11-30T16:23:54.659Z
Big Tex Boat Rentals,surefire-local,big-tex-boat-rentals,Live,2023-02-28T15:15:10.570Z
Bildsy,surefire-local,bildsy,Live,2022-11-30T16:24:00.369Z
Bill Reynolds Heating & Air Conditioning,surefire-local,bill-reynolds-heating-and-air-conditioning,Ready for Install,2022-11-30T16:25:03.945Z
Billings Roofing & Construction Group,surefire-local,billings-roofing-and-construction-group,Live,2022-11-03T21:31:19.922Z
Bill's Canvas Shop,surefire-local,bills-canvas-shop,Live,2022-11-30T16:25:16.327Z
"Blanchflower Construction Company, LLC",surefire-local,blanchflower-construction-company-llc,Live,2022-11-30T16:25:26.793Z
Blue Collar Roofers,surefire-local,blue-collar-roofers-zhgsl,Live,2022-11-30T16:25:33.355Z
Blue Ridge Heating & Cooling,surefire-local,blue-ridge-heating-and-cooling,Live,2022-11-30T16:25:39.348Z
BMB Pool Construction and Repairs,surefire-local,bmb-pool-construction-and-repairs,Submitted for Review,2023-03-14T20:54:14.737Z
Boise Valley Heating & Air,surefire-local,boise-valley-heating-and-air,Live,2022-11-30T16:27:08.040Z
Bone Dry Cincinnati,surefire-local,bone-dry-cincinnati,Ready for Install,2022-11-30T16:27:15.480Z
Bone Dry Indianapolis,surefire-local,bone-dry-indianapolis,Ready for Install,2022-11-30T16:27:24.085Z
Bonness Inc.,surefire-local,bonness-inc,Live,2022-11-30T16:27:30.228Z
Bossler Roofing,surefire-local,bossler-roofing,Live,2022-11-30T16:27:35.478Z
Breathe Easy Mechanical,surefire-local,breathe-easy-mechanical,Live,2022-11-30T16:27:44.270Z
Breeden Roofing Inc.,surefire-local,breeden-roofing-inc,Ready for Install,2022-11-30T16:27:52.973Z
Brentwood Roofing and Construction,surefire-local,brentwood-roofing-and-construction,Live,2022-11-30T16:27:58.254Z
BRG Roofing,surefire-local,brg-roofing,Live,2023-01-30T18:23:17.160Z
Brincks Exteriors,surefire-local,brincks-exteriors,Live,2022-11-30T16:28:15.623Z
Brooks Brothers Flooring LLC,surefire-local,brooks-brothers-flooring-llc,In Review,2023-03-09T14:27:16.974Z
Brooks Hardwood Floor Service,surefire-local,brooks-hardwood-floor-service,Ready for Install,2023-02-16T17:35:52.937Z
Bruce Kaye Attorney At Law,surefire-local,bruce-kaye-attorney-at-law-tdyez,Ready for Install,2023-01-27T15:39:06.419Z
Buckner Roofing,surefire-local,buckner-roofing,Live,2022-11-30T16:28:28.942Z
Buffington Brothers Heating & Cooling,surefire-local,buffington-brothers-heating-and-cooling,Live,2022-11-30T16:28:33.533Z
Burch Oil,surefire-local,burch-oil,Live,2022-11-30T16:28:40.930Z
Burns Builders Roofing,surefire-local,burns-builders-roofing,Ready for Install,2022-11-30T16:28:47.963Z
"Burr Roofing, Siding, & Windows",surefire-local,burr-roofing-siding-and-windows,Live,2022-11-30T16:28:52.799Z
Burton Roofing & Siding,surefire-local,burton-roofing-and-siding,Ready for Install,2022-11-30T16:28:57.221Z
Butler Heating & Air Conditioning,surefire-local,butler-heating-and-air-conditioning,Live,2023-01-30T18:25:06.146Z
Bzak Builders,surefire-local,bzak-builders,Ready for Install,2022-11-30T16:29:05.264Z
"C & K Custom Remodeling, Inc.",surefire-local,c-and-k-custom-remodeling-inc,Live,2023-02-28T15:21:12.239Z
C Briggs,surefire-local,c-briggs,Live,2022-11-30T16:29:17.117Z
C2 Heating & Air,surefire-local,c2-heating-and-air,Ready for Install,2023-03-08T20:25:43.901Z
"C3CC, LLC",surefire-local,c3cc-llc,Ready for Install,2022-11-30T16:29:21.752Z
Cafco Services,surefire-local,cafco-services,Live,2022-11-30T16:29:27.408Z
Calidad Enterprises,surefire-local,calidad-enterprises,Live,2022-11-30T16:29:33.157Z
California Heating and Cooling,surefire-local,california-heating-and-cooling,Live,2022-11-30T16:29:38.998Z
Camellia City Metal,surefire-local,camellia-city-metal,Live,2022-11-30T16:29:44.008Z
Candle Medical Spa,surefire-local,candle-medical-spa,Ready for Install,2022-12-14T03:29:00.107Z
Candor Mechanical LLC,surefire-local,candor-mechanical-llc,Live,2023-01-30T18:27:38.769Z
Canes Exterior,surefire-local,canes-exterior,Live,2022-11-30T16:29:49.420Z
Canonico's Heating & Air Conditioning,surefire-local,canonicos-heating-and-air-conditioning,Ready for Install,2022-11-30T16:29:52.703Z
Cape & Island Tree Service Inc,surefire-local,cape-and-island-tree-service-inc,Live,2023-03-13T20:28:24.081Z
Capital Overhead Doors and Gates,surefire-local,capital-overhead-doors-and-gates,Ready for Install,2023-02-24T18:43:42.485Z
Capital Roofing LLC,surefire-local,capital-roofing-llc,Live,2022-11-30T16:29:58.046Z
Captain Air Heating and Cooling,surefire-local,captain-air-heating-and-cooling,Ready for Install,2022-11-30T16:30:04.095Z
Carapezza Construction & Roofing Company Inc.,surefire-local,carapezza-construction-and-roofing-company-inc,Ready for Install,2022-12-20T15:54:38.526Z
Cardozo Roofing & Siding,surefire-local,cardozo-roofing-and-siding,Ready for Install,2022-11-30T16:30:09.153Z
Care Contracting,surefire-local,care-contracting,Live,2022-11-30T16:30:18.334Z
Carlton Rembert,surefire-local,carlton-rembert,Ready for Install,2022-11-30T16:30:25.958Z
Carolina Roofing Siding Painting,surefire-local,carolina-roofing-siding-painting,Live,2022-11-30T16:30:31.145Z
Carter Home Services,surefire-local,carter-home-services,Live,2022-11-30T16:30:45.433Z
Cassas Brothers Roofing and Siding,surefire-local,cassas-brothers-roofing-and-siding,Live,2022-11-30T16:30:54.298Z
"Castle Builders And Roofing, LLC",surefire-local,castle-builders-and-roofing-llc,Ready for Install,2022-11-30T16:30:57.947Z
Castlestone Homes,surefire-local,castlestone-homes,Live,2022-11-30T16:31:02.720Z
Cat's Eye Security,surefire-local,cats-eye-security,Ready for Install,2022-11-30T16:31:06.900Z
CC Construction & Roofing,surefire-local,cc-construction-and-roofing,Live,2022-11-30T16:31:16.789Z
Cedar Creek Construction,surefire-local,cedar-creek-construction,Live,2022-12-20T16:10:39.588Z
Cedi Contractors LLC,surefire-local,cedi-contractors-llc,Live,2022-11-30T16:31:25.135Z
"Centennial Roofing, Inc.",surefire-local,centennial-roofing-inc,Live,2022-11-30T16:31:33.106Z
Central Heating & Air,surefire-local,central-heating-and-air,Ready for Install,2023-03-10T00:39:22.705Z
Central Heating & Cooling Inc.,surefire-local,central-heating-and-cooling-inc,Submitted for Review,2023-03-10T14:51:22.841Z
Centron Plumbing Services,surefire-local,centron-plumbing-services,Ready for Install,2022-11-30T16:31:36.504Z
CER Roofing Contractors LLC,surefire-local,cer-roofing-contractors-llc,Live,2022-09-08T03:03:57.895Z
"Certified Roofers & General Contractors, Inc.",surefire-local,certified-roofers-and-general-contractors-inc,Ready for Install,2023-01-12T19:00:31.376Z
"Certified Roofing Solutions, LLC",surefire-local,certified-roofing-solutions-llc,Ready for Install,2022-11-30T16:31:47.951Z
Chico Solar Works,surefire-local,chico-solar-works,Ready for Install,2023-02-17T18:47:47.879Z
Choice Roofing Care LLC,surefire-local,choice-roofing-care-llc,Ready for Install,2022-11-30T16:31:54.298Z
Christian Brothers Roofing,surefire-local,christian-brothers-roofing,Live,2022-11-30T16:31:59.657Z
Christian Construction,surefire-local,christian-construction,Ready for Install,2022-11-30T16:32:04.256Z
Christofferson Construction LLC,surefire-local,christofferson-construction-llc,Live,2022-11-30T16:32:09.798Z
Classic Roofing & Construction,surefire-local,classic-roofing-and-construction,Live,2022-12-20T16:13:06.694Z
Clear Victory Painting,surefire-local,clear-victory-painting,Ready for Install,2022-11-30T16:32:22.906Z
Clemmons Windows & Doors,surefire-local,clemmons-windows-and-doors,Live,2022-12-20T16:13:40.103Z
Climate Systems Heating and Air Conditioning,surefire-local,climate-systems-heating-and-air-conditioning,Live,2022-11-30T16:32:32.332Z
Climate-Tech Inc,surefire-local,climate-tech-inc,Live,2022-12-20T16:13:55.076Z
CM Roofing Pros LLC,surefire-local,cm-roofing-pros-llc,Live,2022-10-19T18:45:16.215Z
CNY Complete Contracting,surefire-local,cny-complete-contracting,Live,2022-11-30T16:32:44.715Z
Coast A/C & Heat,surefire-local,coast-ac-and-heat,Live,2023-01-30T18:35:10.475Z
Coastal Roofing & Sheetmetal Co.,surefire-local,coastal-roofing-and-sheetmetal-co,Live,2022-11-30T16:32:49.580Z
Coastland Construction,surefire-local,coastland-construction,Live,2022-11-30T16:32:54.456Z
Coastline Construction Services LLC,surefire-local,coastline-construction-services-llc,In Review,2023-03-10T14:48:33.256Z
Colorado Pro Roofing,surefire-local,colorado-pro-roofing,Ready for Install,2022-11-30T16:32:58.617Z
Columbia Contracting LLC,surefire-local,columbia-contracting-llc,Live,2022-11-30T16:33:05.639Z
Complete Glass Utah,surefire-local,complete-glass-utah,Live,2022-11-30T16:33:12.765Z
Complete Kitchen & Bath,surefire-local,complete-kitchen-and-bath,Ready for Install,2023-03-09T14:34:54.472Z
Complete Roofing Services,surefire-local,complete-roofing-services,Live,2022-11-30T16:33:23.035Z
Complete Xterior,surefire-local,complete-xterior,Live,2022-09-20T21:17:41.594Z
Connecticut Business Centers,surefire-local,connecticut-business-centers,Live,2022-10-19T18:46:08.372Z
"Cool Air Services, Inc.",surefire-local,cool-air-services-inc,Ready for Install,2022-11-30T16:33:36.073Z
Cool Zone Air,surefire-local,cool-zone-air,Live,2022-11-30T16:33:40.464Z
Cordell Exteriors,surefire-local,cordell-exteriors,Ready for Install,2022-11-30T16:33:44.751Z
Cosenza Roofing,surefire-local,cosenza-roofing-98tzz,Ready for Install,2023-01-26T04:37:56.147Z
Costello Climate Control,surefire-local,costello-climate-control,Live,2022-11-30T16:33:51.835Z
Costless Warehouse,surefire-local,costless-warehouse,Ready for Install,2022-11-30T16:33:56.470Z
"Cottage Industries, Inc.",surefire-local,cottage-industries-inc,Live,2022-11-30T16:34:02.250Z
"Countrywide Contracting, Inc.",surefire-local,countrywide-contracting-inc,Live,2023-01-30T18:38:32.828Z
"Covenant Air Conditioning and Heating, Inc.",surefire-local,covenant-air-conditioning-and-heating-inc,Ready for Install,2022-11-30T16:34:05.547Z
Cover Pro Roofing,surefire-local,cover-pro-roofing,Live,2022-11-30T16:34:13.466Z
Covered Staffing LLC,surefire-local,covered-staffing-llc,Live,2022-11-30T16:34:25.129Z
Acme Law Office,surefire-local,cr-taylor-law-ps-k5tyr,Archived,2022-12-14T16:00:49.971Z
"CR Taylor Law, P.S.",surefire-local,cr-taylor-law-ps-r0u7r,Ready for Install,2022-11-30T16:34:31.210Z
Craftsman Roofing Services Inc.,surefire-local,craftsman-roofing-services-inc-guydh,Live,2022-11-30T16:34:36.597Z
Cran-Marsh Inc.,surefire-local,cran-marsh-inc,Live,2022-11-30T16:34:42.323Z
Cranders Roofing,surefire-local,cranders-roofing-sn841,Ready for Install,2022-12-20T16:19:46.057Z
Crown Roofing,surefire-local,crown-roofing,Live,2022-11-30T16:34:47.201Z
Cruz Roofing and Siding,surefire-local,cruz-roofing-and-siding,Live,2022-11-30T16:34:57.559Z
CS Structures,surefire-local,cs-structures,Live,2022-11-30T16:35:03.456Z
CURLEE CAPITAL,surefire-local,curlee-capital,Live,2022-11-30T16:35:10.168Z
Custom Creative Remodeling,surefire-local,custom-creative-remodeling,Live,2022-11-30T16:35:18.407Z
Custom Creative Remodeling,surefire-local,custom-creative-remodeling-mvkxh,Live,2022-11-30T16:35:25.318Z
Custom Creative Remodeling,surefire-local,custom-creative-remodeling-qpvcd,Live,2022-11-30T16:35:30.855Z
Custom Installations,surefire-local,custom-installations,Live,2022-11-03T21:39:53.259Z
Cutting Edge Exteriors,surefire-local,cutting-edge-exteriors,Live,2022-11-30T16:35:39.373Z
Cycle Solar,surefire-local,cycle-solar,Live,2022-12-20T16:19:19.859Z
"D & D Roofing, LLC",surefire-local,d-and-d-roofing-llc,Live,2022-11-30T16:36:39.741Z
D & M Roofing Company LLC,surefire-local,d-and-m-roofing-company-llc,Ready for Install,2022-11-30T16:36:43.050Z
"Dal-Tex Glass & Screens, LLC",surefire-local,dal-tex-glass-and-screens-llc-xyime,Live,2023-02-28T15:40:00.661Z
Dalton Moving,surefire-local,dalton-moving,Ready for Install,2022-11-30T16:36:46.911Z
D&J Roofing,surefire-local,dandj-roofing,Ready for Install,2022-11-30T16:36:50.062Z
D&R Heating and Cooling,surefire-local,dandr-heating-and-cooling,Live,2022-11-30T16:36:55.340Z
"Daniel T. Fleischer, P.A.",surefire-local,daniel-t-fleischer-pa,Live,2022-11-03T21:40:33.360Z
Danny Larcom Heating & Air Inc,surefire-local,danny-larcom-heating-and-air-inc,Live,2022-11-30T16:37:10.315Z
Darrell Yoder Roofing,surefire-local,darrell-yoder-roofing,Live,2022-11-30T16:37:15.274Z
Dash Heating and Air,surefire-local,dash-heating-and-air,Live,2022-11-30T16:37:19.800Z
Dave's Discount Roofing,surefire-local,daves-discount-roofing,Cancelled,2023-02-23T15:29:18.171Z
Dave's Heating and Air,surefire-local,daves-heating-and-air,Ready for Install,2022-11-30T16:37:32.116Z
Dave's Roofing,surefire-local,daves-roofing,Ready for Install,2023-02-16T16:05:39.141Z
David and Son Heating & Air,surefire-local,david-and-son-heating-and-air,Live,2023-03-13T20:47:29.841Z
Davis Chiropractic,surefire-local,davis-chiropractic,Ready for Install,2022-11-30T16:37:36.639Z
"DDP HVAC, L.L.C.",surefire-local,ddp-hvac-llc,Live,2022-12-20T16:21:49.672Z
D.E.C Restorations,surefire-local,dec-restorations,Live,2022-11-03T21:41:11.728Z
Decurtins Law Firm,surefire-local,decurtins-law-firm,Ready for Install,2022-11-30T16:37:47.915Z
"Dent Guys Las Vegas​
",surefire-local,dent-guys-las-vegas,Cancelled,2023-02-23T15:28:35.522Z
DePalma Construction,surefire-local,depalma-construction,Ready for Install,2022-11-30T16:37:56.394Z
Deschutes Roofing,surefire-local,deschutes-roofing,Live,2022-11-30T16:38:02.825Z
Design Skylights and Solar,surefire-local,design-skylights-and-solar,Live,2023-03-13T20:50:25.911Z
Designer Kitchens & Baths,surefire-local,designer-kitchens-and-baths,Live,2022-11-30T16:38:08.060Z
Diamond Plate Electrical Services,surefire-local,diamond-plate-electrical-services,Live,2023-03-13T20:50:41.428Z
Disaster Relief Roofing,surefire-local,disaster-relief-roofing,Live,2022-11-30T16:38:14.130Z
Dixie Roofing,surefire-local,dixie-roofing,Live,2022-11-30T16:38:19.412Z
DMC Home Solutions and Remodel,surefire-local,dmc-home-solutions-and-remodel,Ready for Install,2022-11-30T16:38:21.028Z
$59 Royal Breeze Heating & Air,surefire-local,dollar59-royal-breeze-heating-and-air,Live,2022-11-30T16:38:28.817Z
Done-Right Roofing & Sheet Metal,surefire-local,done-right-roofing-and-sheet-metal,Live,2022-11-30T16:38:34.986Z
"Double J Construction, LLC",surefire-local,double-j-construction-llc,Ready for Install,2022-11-30T16:38:42.100Z
DPO Construction Company Inc,surefire-local,dpo-construction-company-inc,Live,2022-10-19T18:49:57.916Z
Dream Remodel Construction LLC,surefire-local,dream-remodel-construction-llc,Ready for Install,2023-01-12T17:49:08.554Z
DreamMaker Bath & Kitchen of Aiken,surefire-local,dreammaker-bath-and-kitchen-of-aiken,Live,2022-09-08T03:09:02.565Z
DreamMaker Bath & Kitchen of Alpharetta,surefire-local,dreammaker-bath-and-kitchen-of-alpharetta,Live,2022-09-08T03:09:10.773Z
DreamMaker Bath & Kitchen of Burlington County,surefire-local,dreammaker-bath-and-kitchen-of-burlington-county,Live,2022-11-30T16:39:17.102Z
DreamMaker Bath & Kitchen of Elizabethtown,surefire-local,dreammaker-bath-and-kitchen-of-elizabethtown,Live,2022-11-30T16:39:30.079Z
DreamMaker Bath & Kitchen of Germantown,surefire-local,dreammaker-bath-and-kitchen-of-germantown,Live,2022-11-30T16:39:43.036Z
DreamMaker Bath & Kitchen of Greater Rockwall,surefire-local,dreammaker-bath-and-kitchen-of-greater-rockwall,Live,2022-11-30T16:40:01.656Z
DreamMaker Bath & Kitchen of Greensboro,surefire-local,dreammaker-bath-and-kitchen-of-greensboro,Live,2022-11-30T16:40:11.604Z
"Dreammaker Bath & Kitchen of Greenville, SC",surefire-local,dreammaker-bath-and-kitchen-of-greenville-sc,Live,2022-09-29T19:41:45.689Z
DreamMaker Bath & Kitchen of Hollywood FL,surefire-local,dreammaker-bath-and-kitchen-of-hollywood-fl,Live,2022-11-30T16:40:21.070Z
DreamMaker Bath & Kitchen of Larimer County,surefire-local,dreammaker-bath-and-kitchen-of-larimer-county,Live,2022-11-30T16:40:33.366Z
DreamMaker Bath & Kitchen of Northwest DC,surefire-local,dreammaker-bath-and-kitchen-of-northwest-dc,Live,2022-09-08T03:09:52.485Z
DreamMaker Bath & Kitchen of NW Arkansas,surefire-local,dreammaker-bath-and-kitchen-of-nw-arkansas,Live,2022-11-30T16:40:53.869Z
DreamMaker Bath & Kitchen of Ogden,surefire-local,dreammaker-bath-and-kitchen-of-ogden,Live,2022-11-30T16:41:03.723Z
DreamMaker Bath & Kitchen of Omaha,surefire-local,dreammaker-bath-and-kitchen-of-omaha,Live,2022-11-30T16:41:16.007Z
DreamMaker Bath & Kitchen of Orland Park,surefire-local,dreammaker-bath-and-kitchen-of-orland-park,Live,2022-11-30T16:41:21.889Z
DreamMaker Bath & Kitchen of Southern Lakes,surefire-local,dreammaker-bath-and-kitchen-of-southern-lakes,Live,2022-11-30T16:41:45.255Z
DreamMaker Bath & Kitchen of Southern RI,surefire-local,dreammaker-bath-and-kitchen-of-southern-ri,Live,2022-11-30T16:41:56.109Z
DreamMaker Bath & Kitchen of St. Louis Park,surefire-local,dreammaker-bath-and-kitchen-of-st-louis-park,Live,2022-11-30T16:42:02.100Z
DreamMaker Bath & Kitchen of West Collin County,surefire-local,dreammaker-bath-and-kitchen-of-west-collin-county,Live,2022-09-29T19:43:06.820Z
DreamMaker Bath & Kitchen of Wilmington,surefire-local,dreammaker-bath-and-kitchen-of-wilmington,Live,2022-11-30T16:42:22.205Z
DreamMaker Bath & Kitchen South Valley,surefire-local,dreammaker-bath-and-kitchen-south-valley,Live,2022-11-30T16:42:34.088Z
Drennen Mechanical Inc.,surefire-local,drennen-mechanical-inc,Live,2022-11-30T16:42:38.978Z
DryDocs,surefire-local,drydocs,Live,2022-11-30T16:42:47.118Z
Dudeck Law Firm,surefire-local,dudeck-law-firm,Ready for Install,2022-11-30T16:42:51.911Z
Dump My Junk LLC,surefire-local,dump-my-junk-llc,Ready for Install,2023-01-11T17:13:25.932Z
DWD REMODELING,surefire-local,dwd-remodeling,Live,2023-02-28T15:52:59.798Z
Dynamic Restoration South LLC,surefire-local,dynamic-restoration-south-llc,Ready for Install,2022-11-30T16:42:55.543Z
Eagle Creek Siding,surefire-local,eagle-creek-siding,Live,2022-11-30T16:43:00.356Z
"E&K Contracting, Inc.",surefire-local,eandk-contracting-inc,Live,2022-10-19T18:52:57.789Z
"Earl W Johnston Roofing, LLC",surefire-local,earl-w-johnston-roofing-llc,Live,2022-11-30T16:43:18.357Z
"EastCo Roofing, LLC",surefire-local,eastco-roofing-llc,Live,2022-11-30T16:43:29.438Z
Eastern Roof Technologies,surefire-local,eastern-roof-technologies,Live,2022-09-08T03:11:58.863Z
Eastham Law Offices,surefire-local,eastham-law-offices,Ready for Install,2023-01-26T19:05:00.732Z
Easton Roofing,surefire-local,easton-roofing-lahqd,Live,2022-11-30T16:43:46.303Z
Eco Roofing Inc,surefire-local,eco-roofing-inc,Live,2023-02-28T15:54:42.093Z
Ecoview Windows & Doors,surefire-local,ecoview-windows-and-doors,Live,2022-11-30T16:43:51.530Z
EcoView Windows & Doors of North Florida,surefire-local,ecoview-windows-and-doors-of-north-florida,Live,2022-11-30T16:43:58.545Z
"Edificium Construction, LLC",surefire-local,edificium-construction-llc,Live,2023-02-28T15:55:01.948Z
EDP Roofing,surefire-local,edp-roofing,Live,2022-11-30T16:44:09.473Z
Edyta Rhodes,surefire-local,edyta-rhodes,Ready for Install,2022-11-30T16:45:41.587Z
Electrx LLC,surefire-local,electrx-llc,Ready for Install,2022-11-30T16:45:48.477Z
Elevated Contracting,surefire-local,elevated-contracting,Live,2023-03-13T21:01:30.764Z
Elite 1 Restoration,surefire-local,elite-1-restoration,Ready for Install,2023-02-16T17:24:38.158Z
Elite Bathrooms LuxStone of Long Island,surefire-local,elite-bathrooms-luxstone-of-long-island,Live,2022-11-30T16:45:54.853Z
Elite Kitchen & Bath,surefire-local,elite-kitchen-and-bath,Live,2022-11-30T16:46:00.682Z
Elite Solar ARP Solutions,surefire-local,elite-solar-arp-solutions,Live,2022-11-30T16:46:11.095Z
Emerge ID,surefire-local,emerge-id,Live,2022-11-30T16:46:26.455Z
Entrust Roofing,surefire-local,entrust-roofing,Live,2022-11-30T16:46:33.916Z
"ER Roofing Specialist, LLC",surefire-local,er-roofing-specialist-llc,Live,2022-11-30T16:46:39.414Z
Eric Spurlock Custom Home Design,surefire-local,eric-spurlock-custom-home-design,Ready for Install,2023-01-24T00:39:26.682Z
Ernster Heating and A/C,surefire-local,ernster-heating-and-ac,Ready for Install,2023-02-16T16:56:11.285Z
Evans Roofing Home Repair Inc,surefire-local,evans-roofing-home-repair-inc,Live,2022-11-30T16:46:44.374Z
Evergreen Mechanical Corp,surefire-local,evergreen-mechanical-corp-nvafz,Ready for Install,2022-11-30T16:46:55.569Z
Everguard Roofing,surefire-local,everguard-roofing,Live,2023-02-28T15:59:27.762Z
EverGuard Solar,surefire-local,everguard-solar,Live,2023-02-28T15:59:35.826Z
EvntWrks,surefire-local,evntwrks,Ready for Install,2023-02-17T16:06:02.038Z
Exact Roofing & Construction,surefire-local,exact-roofing-and-construction,Ready for Install,2022-11-30T16:47:00.843Z
Express Roofing LLC,surefire-local,express-roofing-llc,Live,2022-11-30T16:47:06.092Z
Exquisite Detailing,surefire-local,exquisite-detailing,Live,2022-09-29T19:47:24.373Z
"Exterior Home Solutions, LLC",surefire-local,exterior-home-solutions-llc,Ready for Install,2022-11-30T16:47:14.756Z
Exterior Home Solutions LLC,surefire-local,exterior-home-solutions-llc-ou7if,Ready for Install,2022-11-30T16:47:21.663Z
Exterior Remodelers,surefire-local,exterior-remodelers,Ready for Install,2023-03-08T20:40:35.336Z
"Exterior Specialties, Inc.",surefire-local,exterior-specialties-inc,Live,2022-11-30T16:47:28.916Z
Factory To You Windows,surefire-local,factory-to-you-windows,Ready for Install,2022-11-30T16:47:32.551Z
Fairfield County Foot Surgeons,surefire-local,fairfield-county-foot-surgeons,Ready for Install,2023-01-27T15:10:02.397Z
Falcon Nest - iRestore Stl LLC,surefire-local,falcon-nest-irestore-stl-llc,Live,2022-11-30T16:47:38.757Z
Fargo Roofing & Siding,surefire-local,fargo-roofing-and-siding,Ready for Install,2023-03-09T14:56:14.273Z
Farrells Moving Hauling and Property Cleanup,surefire-local,farrells-moving-hauling-and-property-cleanup,Ready for Install,2023-03-10T22:10:02.870Z
Fearless Motorsports,surefire-local,fearless-motorsports,Ready for Install,2022-11-30T16:47:44.672Z
Fine Line HVAC,surefire-local,fine-line-hvac,Live,2023-03-13T21:08:52.649Z
First-Rate Moving & Storage LLC,surefire-local,first-rate-moving-and-storage-llc,Live,2022-11-30T16:47:54.357Z
Five star chem- Dry Upholstery & carpet cleaning,surefire-local,five-star-chem-dry-upholstery-and-carpet-cleaning,Live,2023-01-30T19:05:51.406Z
Five Star Roofing & Remodeling LLC,surefire-local,five-star-roofing-and-remodeling-llc,Ready for Install,2023-02-17T18:32:03.620Z
Fix Construction,surefire-local,fix-construction-sllmr,Ready for Install,2022-12-21T14:04:54.843Z
"Flakne Law Offices, P.A.",surefire-local,flakne-law-offices-pa,Live,2022-11-30T16:48:00.828Z
"Flash Roofing and Sheet Metal, LLC",surefire-local,flash-roofing-and-sheet-metal-llc,Ready for Install,2022-11-30T16:48:05.777Z
"Flinders Law, LLC",surefire-local,flinders-law-llc,Live,2022-09-29T19:48:08.226Z
Forrester Brothers Roofing,surefire-local,forrester-brothers-roofing-j42fu,Ready for Install,2022-11-30T16:48:18.669Z
Fort Bend Builders,surefire-local,fort-bend-builders,Live,2022-11-30T16:48:24.535Z
Fortified Construction Services Group,surefire-local,fortified-construction-services-group,Live,2023-03-13T21:11:03.013Z
"Fortify Roofing, LLC",surefire-local,fortify-roofing-llc,Ready for Install,2023-02-15T20:27:44.149Z
"Fortner's Home Improvement, Inc.",surefire-local,fortners-home-improvement-inc,Ready for Install,2023-02-15T16:46:51.081Z
Four Seasons Auto Glass,surefire-local,four-seasons-auto-glass,Ready for Install,2023-02-08T21:09:19.217Z
Frank Jenkins Law Office,surefire-local,frank-jenkins-law-office,Ready for Install,2022-11-30T16:48:28.306Z
Fred F. Collis & Sons,surefire-local,fred-f-collis-and-sons,Live,2022-11-30T16:48:39.520Z
Freetail Roofing,surefire-local,freetail-roofing,Live,2022-11-30T16:48:47.604Z
Fresh Air LP,surefire-local,fresh-air-lp,Live,2022-12-20T16:39:44.252Z
FRESH TEMP AIR CONDITIONING CORP,surefire-local,fresh-temp-air-conditioning-corp,Ready for Install,2022-11-30T16:48:59.403Z
FRG Contractor Corporation,surefire-local,frg-contractor-corporation,Live,2022-11-30T16:49:04.262Z
Fricold Heating and Cooling,surefire-local,fricold-heating-and-cooling,Live,2022-11-30T16:49:09.938Z
Frontline Roofing,surefire-local,frontline-roofing,Ready for Install,2022-11-30T16:49:16.848Z
Fusion Carwash,surefire-local,fusion-carwash,Ready for Install,2022-11-30T16:49:20.632Z
Galvan Roofing and Construction,surefire-local,galvan-roofing-and-construction,Ready for Install,2022-11-30T16:49:26.996Z
"G&L Construction, Inc.",surefire-local,gandl-construction-inc,Ready for Install,2022-11-30T16:49:31.117Z
Ganser Company Inc,surefire-local,ganser-company-inc,Live,2023-01-30T19:10:23.980Z
Garliss Roofing,surefire-local,garliss-roofing,Live,2022-09-29T19:49:24.258Z
Gartner Heating & Cooling,surefire-local,gartner-heating-and-cooling,Live,2022-11-30T16:49:45.880Z
"Garza Defense, PLLC",surefire-local,garza-defense-pllc,Ready for Install,2022-11-30T16:49:52.858Z
