Name,organizationId,appId,Link,Status,Status Time
 94.7 WLS-FM,Cumulus-Media,-947-wls-fm,https://studio.xapp.ai/Cumulus-Media/-947-wls-fm,Live,2019-08-02T13:58:38.028Z
#1 Country 99 WDEN,Cumulus-Media,1-country-99-wden,https://studio.xapp.ai/Cumulus-Media/1-country-99-wden,Live,2019-04-09T22:53:36.646Z
100.3 THE TEAM,Cumulus-Media,1003-the-team,https://studio.xapp.ai/Cumulus-Media/1003-the-team,Live,2020-08-06T17:42:47.566Z
100.5 Jox 2,Cumulus-Media,1005-jox-2,https://studio.xapp.ai/Cumulus-Media/1005-jox-2,Live,2017-09-29T19:04:11.694Z
100.5 WWKI,Cumulus-Media,1005-wwki,https://studio.xapp.ai/Cumulus-Media/1005-wwki,Live,2017-09-29T18:57:27.545Z
100.7 KHAY,Cumulus-Media,1007-khay,https://studio.xapp.ai/Cumulus-Media/1007-khay,Live,2017-09-29T18:46:44.627Z
100.7 The Zone,Cumulus-Media,1007-the-zone,https://studio.xapp.ai/Cumulus-Media/1007-the-zone,Archived,2021-05-12T19:25:15.949Z
100.7 WLEV,Cumulus-Media,1007-wlev,https://studio.xapp.ai/Cumulus-Media/1007-wlev,Live,2017-09-29T18:18:49.914Z
100FM The Pike,Cumulus-Media,100fm-the-pike,https://studio.xapp.ai/Cumulus-Media/100fm-the-pike,Live,2017-09-29T18:26:03.939Z
101 The FOX,Cumulus-Media,101-the-fox,https://studio.xapp.ai/Cumulus-Media/101-the-fox,Live: Requires Cert,2020-02-19T22:09:19.115Z
101 WKQX,Cumulus-Media,101-wkqx,https://studio.xapp.ai/Cumulus-Media/101-wkqx,Archived,2022-12-05T17:54:16.095Z
101.1 KRMD,Cumulus-Media,1011-krmd,https://studio.xapp.ai/Cumulus-Media/1011-krmd,Live,2017-09-29T18:33:20.204Z
101.5 Jack FM,Cumulus-Media,1015-jack-fm,https://studio.xapp.ai/Cumulus-Media/1015-jack-fm,Live,2020-10-27T15:32:18.281Z
101.5 WBNQ,Cumulus-Media,1015-wbnq,https://studio.xapp.ai/Cumulus-Media/1015-wbnq,Live,2017-09-29T18:59:57.890Z
101.5 WQUT,Cumulus-Media,1015-wqut,https://studio.xapp.ai/Cumulus-Media/1015-wqut,Live,2017-09-29T18:55:19.370Z
102-7 WXBM,Cumulus-Media,102-7-wxbm,https://studio.xapp.ai/Cumulus-Media/102-7-wxbm,Live,2019-08-02T13:57:16.509Z
102 The Bear,Cumulus-Media,102-the-bear,https://studio.xapp.ai/Cumulus-Media/102-the-bear,Live,2017-09-29T18:22:53.093Z
102.1 The Fox,Cumulus-Media,1021-the-fox,https://studio.xapp.ai/Cumulus-Media/1021-the-fox,Live,2018-05-29T16:50:22.855Z
102.5 Jack FM,Cumulus-Media,1025-jack-fm,https://studio.xapp.ai/Cumulus-Media/1025-jack-fm,Live,2017-09-29T18:38:43.035Z
102.5 WIOG,Cumulus-Media,1025-wiog,https://studio.xapp.ai/Cumulus-Media/1025-wiog,Live,2017-09-29T19:00:27.822Z
102.7 GNI,Cumulus-Media,1027-gni,https://studio.xapp.ai/Cumulus-Media/1027-gni,Live,2017-09-29T18:51:29.956Z
102.7 The Hit Kicker,Cumulus-Media,1027-the-hit-kicker,https://studio.xapp.ai/Cumulus-Media/1027-the-hit-kicker,Incomplete,2020-09-30T15:38:06.102Z
1027 The Vibe,Cumulus-Media,1027-the-vibe,https://studio.xapp.ai/Cumulus-Media/1027-the-vibe,Live,2017-09-29T18:25:32.236Z
102.9 Cat Country,Cumulus-Media,1029-cat-country,https://studio.xapp.ai/Cumulus-Media/1029-cat-country,Live,2021-09-15T21:48:09.868Z
103-3 Country.,Cumulus-Media,103-3-country,https://studio.xapp.ai/Cumulus-Media/103-3-country,Live,2020-05-28T18:39:24.449Z
103.3 Ed-FM,Cumulus-Media,1033-ed-fm,https://studio.xapp.ai/Cumulus-Media/1033-ed-fm,Live,2017-09-29T18:33:37.653Z
103.3 KRUZ,Cumulus-Media,1033-kruz,https://studio.xapp.ai/Cumulus-Media/1033-kruz,Incomplete,2020-11-17T21:31:14.270Z
103.3 The Edge,Cumulus-Media,1033-the-edge,https://studio.xapp.ai/Cumulus-Media/1033-the-edge,Live,2017-09-29T18:23:10.318Z
103.3 The Vibe,Cumulus-Media,1033-the-vibe,https://studio.xapp.ai/Cumulus-Media/1033-the-vibe,Live,2017-09-29T18:49:46.980Z
103.5 WGRR,Cumulus-Media,1035-wgrr,https://studio.xapp.ai/Cumulus-Media/1035-wgrr,Live,2018-08-13T13:24:57.269Z
103.5 WRBO,Cumulus-Media,1035-wrbo,https://studio.xapp.ai/Cumulus-Media/1035-wrbo,Live,2017-09-29T18:43:38.336Z
103.9 WVBO,Cumulus-Media,1039-wvbo,https://studio.xapp.ai/Cumulus-Media/1039-wvbo,Live,2017-09-29T18:59:01.171Z
104.1 KRBE,Cumulus-Media,1041-krbe,https://studio.xapp.ai/Cumulus-Media/1041-krbe,Live,2017-09-29T18:45:02.388Z
104.1 The Hawk,Cumulus-Media,1041-the-hawk,https://studio.xapp.ai/Cumulus-Media/1041-the-hawk,Live,2017-09-29T18:45:39.001Z
104.1 WDLT,Cumulus-Media,1041-wdlt,https://studio.xapp.ai/Cumulus-Media/1041-wdlt,Live,2017-09-29T18:48:20.524Z
104.3 The Vibe,Cumulus-Media,1043-the-vibe,https://studio.xapp.ai/Cumulus-Media/1043-the-vibe,Live,2017-09-29T18:33:32.200Z
104.3 ZYP,Cumulus-Media,1043-zyp,https://studio.xapp.ai/Cumulus-Media/1043-zyp,Live,2017-09-29T18:56:16.659Z
104.5 WJJK,Cumulus-Media,1045-wjjk,https://studio.xapp.ai/Cumulus-Media/1045-wjjk,Live,2017-09-29T18:59:15.908Z
104.5 WXLO,Cumulus-Media,1045-wxlo,https://studio.xapp.ai/Cumulus-Media/1045-wxlo,Live,2017-09-29T18:51:48.978Z
104.5 XLO,Cumulus-Media,1045-xlo,https://studio.xapp.ai/Cumulus-Media/1045-xlo,Live,2019-05-29T13:43:13.281Z
104.7 The Bear,Cumulus-Media,1047-the-bear,https://studio.xapp.ai/Cumulus-Media/1047-the-bear,Live,2017-09-29T18:24:09.190Z
105 The Vibe,Cumulus-Media,105-the-vibe,https://studio.xapp.ai/Cumulus-Media/105-the-vibe,Live,2017-09-29T18:46:52.481Z
1050 KTBL AM,Cumulus-Media,1050-ktbl-am,https://studio.xapp.ai/Cumulus-Media/1050-ktbl-am,Archived,2020-02-20T15:54:20.769Z
1051 The X,Cumulus-Media,1051-the-x,https://studio.xapp.ai/Cumulus-Media/1051-the-x,Live,2019-10-14T14:08:51.061Z
105.3 HOT-FM,Cumulus-Media,1053-hot-fm,https://studio.xapp.ai/Cumulus-Media/1053-hot-fm,Live,2017-09-29T18:57:42.512Z
105.7 The X,Cumulus-Media,1057-the-x,https://studio.xapp.ai/Cumulus-Media/1057-the-x,Live,2017-09-29T18:42:08.510Z
105.7 The X Rocks,Cumulus-Media,1057-the-x-rocks,https://studio.xapp.ai/Cumulus-Media/1057-the-x-rocks,Live,2017-09-29T18:49:25.637Z
105.9 The Rebel,Cumulus-Media,1059-the-rebel,https://studio.xapp.ai/Cumulus-Media/1059-the-rebel,Archived,2019-09-23T18:22:33.566Z
106.1 NASH-FM,Cumulus-Media,1061-nash-fm,https://studio.xapp.ai/Cumulus-Media/1061-nash-fm,Live,2017-09-29T18:25:06.767Z
106.3 Spin FM,Cumulus-Media,1063-spin-fm,https://studio.xapp.ai/Cumulus-Media/1063-spin-fm,Live,2017-09-29T19:01:32.386Z
106.3 The Vibe,Cumulus-Media,1063-the-vibe,https://studio.xapp.ai/Cumulus-Media/1063-the-vibe,Live,2021-11-23T16:31:05.555Z
106.5 The Ticket Toledo,Cumulus-Media,1065-the-ticket-toledo,https://studio.xapp.ai/Cumulus-Media/1065-the-ticket-toledo,Archived,2021-05-12T19:25:29.984Z
106.7 The Big Dog,Cumulus-Media,1067-the-big-dog,https://studio.xapp.ai/Cumulus-Media/1067-the-big-dog,Live,2018-06-13T15:43:10.202Z
106.7 The Krewe,Cumulus-Media,1067-the-krewe,https://studio.xapp.ai/Cumulus-Media/1067-the-krewe,Live,2019-03-13T15:53:50.428Z
107.3 Kansas City Magic,Cumulus-Media,1073-kansas-city-magic,https://studio.xapp.ai/Cumulus-Media/1073-kansas-city-magic,Live,2020-02-28T23:19:02.251Z
107.3 WBBL-FM,Cumulus-Media,1073-wbbl-fm,https://studio.xapp.ai/Cumulus-Media/1073-wbbl-fm,Live,2017-09-29T18:44:37.135Z
107.5 The Game,Cumulus-Media,1075-the-game,https://studio.xapp.ai/Cumulus-Media/1075-the-game,Live,2017-09-29T18:40:10.310Z
107.7 The Bone,Cumulus-Media,1077-the-bone,https://studio.xapp.ai/Cumulus-Media/1077-the-bone,Live,2017-09-29T18:22:58.819Z
107.9 & 980 The WAAV,Cumulus-Media,1079-980-the-waav,https://studio.xapp.ai/Cumulus-Media/1079-980-the-waav,Live,2023-02-28T20:13:43.649Z
107.9 The Mix,Cumulus-Media,1079-the-mix-indy,https://studio.xapp.ai/Cumulus-Media/1079-the-mix-indy,Live,2019-03-21T19:22:45.607Z
1250 WTMA,Cumulus-Media,1250-wtma,https://studio.xapp.ai/Cumulus-Media/1250-wtma,Live,2017-09-29T18:41:53.151Z
1280 WNAM,Cumulus-Media,1280-wnam,https://studio.xapp.ai/Cumulus-Media/1280-wnam,Live,2018-05-29T16:46:22.547Z
1280 WNAM,Cumulus-Media,1280wnam,https://studio.xapp.ai/Cumulus-Media/1280wnam,,
1440 KMAJ,Cumulus-Media,1440-kmaj,https://studio.xapp.ai/Cumulus-Media/1440-kmaj,Live,2017-09-29T19:00:12.841Z
1490 WOSH,Cumulus-Media,1490-wosh,https://studio.xapp.ai/Cumulus-Media/1490-wosh,Live,2017-09-29T18:56:59.133Z
1490 WOSH,Cumulus-Media,1490wosh,https://studio.xapp.ai/Cumulus-Media/1490wosh,,
1700 The Champ,Cumulus-Media,1700-kbgg,https://studio.xapp.ai/Cumulus-Media/1700-kbgg,Live,2019-04-29T19:25:00.621Z
1700 The Champ,Cumulus-Media,1700-the-champ,https://studio.xapp.ai/Cumulus-Media/1700-the-champ,Live,2019-02-12T18:52:28.480Z
570 KLIF,Cumulus-Media,570-klif,https://studio.xapp.ai/Cumulus-Media/570-klif,Live,2017-09-29T18:43:32.056Z
610 KNML The Sports Animal,Cumulus-Media,610-knml-the-sports-animal,https://studio.xapp.ai/Cumulus-Media/610-knml-the-sports-animal,Live,2017-09-29T18:50:58.063Z
670 KBOI,Cumulus-Media,670-kboi,https://studio.xapp.ai/Cumulus-Media/670-kboi,Live,2017-09-29T18:40:51.005Z
710 WFNR,Cumulus-Media,710-wfnr,https://studio.xapp.ai/Cumulus-Media/710-wfnr,Live,2017-09-29T19:01:40.528Z
730 AM The Ump,Cumulus-Media,730-am-the-ump,https://studio.xapp.ai/Cumulus-Media/730-am-the-ump,Live,2017-10-13T15:56:45.045Z
77 WABC,Cumulus-Media,77-wabc,https://studio.xapp.ai/Cumulus-Media/77-wabc,Archived,2020-05-29T20:20:33.942Z
810 The Spread,Cumulus-Media,810-the-spread,https://studio.xapp.ai/Cumulus-Media/810-the-spread,,
860 KKAT,Cumulus-Media,860-kkat,https://studio.xapp.ai/Cumulus-Media/860-kkat,Live,2020-11-17T21:45:02.818Z
860 KKAT,Cumulus-Media,861-kkat,https://studio.xapp.ai/Cumulus-Media/861-kkat,Live,2017-09-29T18:49:57.736Z
92 KQRS,Cumulus-Media,92-kqrs,https://studio.xapp.ai/Cumulus-Media/92-kqrs,Live,2017-09-29T18:46:08.378Z
92 PRO-FM,Cumulus-Media,92-pro-fm,https://studio.xapp.ai/Cumulus-Media/92-pro-fm,Live,2017-09-29T18:41:43.916Z
92 Q,Cumulus-Media,92-q,https://studio.xapp.ai/Cumulus-Media/92-q,Live: Requires Cert,2022-09-02T15:28:50.579Z
920 AM The Sports Animal,Cumulus-Media,920-am-the-sports-animal,https://studio.xapp.ai/Cumulus-Media/920-am-the-sports-animal,Live,2017-09-29T19:01:05.544Z
92.1 The Ticket,Cumulus-Media,921-the-ticket,https://studio.xapp.ai/Cumulus-Media/921-the-ticket,Live,2018-06-13T15:42:22.857Z
923 KRST NASH FM,Cumulus-Media,923-krst-nash-fm,https://studio.xapp.ai/Cumulus-Media/923-krst-nash-fm,Live,2017-10-25T17:41:26.199Z
92.5 KJJY,Cumulus-Media,925-kjjy,https://studio.xapp.ai/Cumulus-Media/925-kjjy,Live,2019-05-31T21:25:33.943Z
92.5 Nash Icon,Cumulus-Media,925-nash-icon,https://studio.xapp.ai/Cumulus-Media/925-nash-icon,Live,2017-09-29T18:35:35.856Z
92.5 The Fox,Cumulus-Media,925-the-fox,https://studio.xapp.ai/Cumulus-Media/925-the-fox,Live,2018-01-02T16:47:45.424Z
92.9 Peak FM,Cumulus-Media,929-peak-fm,https://studio.xapp.ai/Cumulus-Media/929-peak-fm,Live,2017-09-29T18:58:48.342Z
93-3 KOB-FM,Cumulus-Media,93-3-kob-fm,https://studio.xapp.ai/Cumulus-Media/93-3-kob-fm,Live,2017-09-29T18:50:25.011Z
93.1 The Ticket,Cumulus-Media,931-the-ticket,https://studio.xapp.ai/Cumulus-Media/931-the-ticket,Live,2020-06-24T17:51:08.114Z
93.3 The Q,Cumulus-Media,933-the-q,https://studio.xapp.ai/Cumulus-Media/933-the-q,Incomplete,2019-11-15T15:33:14.188Z
93.5 NASH FM,Cumulus-Media,935-nash-fm,https://studio.xapp.ai/Cumulus-Media/935-nash-fm,Live,2019-03-21T19:23:40.696Z
93.5 WRQN,Cumulus-Media,935-wrqn,https://studio.xapp.ai/Cumulus-Media/935-wrqn,Live,2017-09-29T18:37:52.577Z
93.7 Kiss Country,Cumulus-Media,937-kiss-country,https://studio.xapp.ai/Cumulus-Media/937-kiss-country,Live,2017-09-29T18:46:59.990Z
93.9 THE BEAT,Cumulus-Media,939-the-beat,https://studio.xapp.ai/Cumulus-Media/939-the-beat,Live,2017-09-29T17:59:18.354Z
93.9X Indy's Rock Station ,Cumulus-Media,939x-indys-rock-station-,https://studio.xapp.ai/Cumulus-Media/939x-indys-rock-station-,Live,2019-05-31T21:18:31.962Z
93Q,Cumulus-Media,93q,https://studio.xapp.ai/Cumulus-Media/93q,Live,2017-09-29T18:41:35.191Z
93X,Cumulus-Media,93x,https://studio.xapp.ai/Cumulus-Media/93x,Live,2017-09-29T18:46:15.807Z
94.1 WHRP,Cumulus-Media,941-whrp,https://studio.xapp.ai/Cumulus-Media/941-whrp,Live,2017-09-29T18:54:54.359Z
94.5 KSMB,Cumulus-Media,945-ksmb,https://studio.xapp.ai/Cumulus-Media/945-ksmb,Live,2017-09-29T18:54:02.603Z
94.5 The Hawk,Cumulus-Media,945-the-hawk,https://studio.xapp.ai/Cumulus-Media/945-the-hawk,Live,2017-09-29T18:46:01.442Z
94.5 The Pit,Cumulus-Media,945-the-pit,https://studio.xapp.ai/Cumulus-Media/945-the-pit,Live,2020-02-19T23:27:46.506Z
94.5 XKR,Cumulus-Media,945-xkr,https://studio.xapp.ai/Cumulus-Media/945-xkr,Live,2017-09-29T18:59:43.837Z
94.7 WLS-FM,Cumulus-Media,947-wls-fm,https://studio.xapp.ai/Cumulus-Media/947-wls-fm,Archived,2021-07-08T21:24:47.389Z
94.7 WMAS,Cumulus-Media,947-wmas,https://studio.xapp.ai/Cumulus-Media/947-wmas,Archived,2022-12-05T17:48:06.898Z
94.9 KCMO,Cumulus-Media,949-kcmo,https://studio.xapp.ai/Cumulus-Media/949-kcmo,Live,2017-09-29T18:59:50.687Z
94.9 The Outlaw,Cumulus-Media,949-the-outlaw,https://studio.xapp.ai/Cumulus-Media/949-the-outlaw,Live,2017-09-29T18:55:51.495Z
95.9 The Rocket,Cumulus-Media,95-rock,https://studio.xapp.ai/Cumulus-Media/95-rock,Live,2019-04-09T15:07:55.669Z
95.1 KBBY,Cumulus-Media,951-kbby,https://studio.xapp.ai/Cumulus-Media/951-kbby,Live,2017-10-17T13:38:41.802Z
95.1 The Fox Montgomery,Cumulus-Media,951-the-fox,https://studio.xapp.ai/Cumulus-Media/951-the-fox,Live,2018-05-29T16:57:32.998Z
95.3 The Score,Cumulus-Media,953-the-score,https://studio.xapp.ai/Cumulus-Media/953-the-score,Live,2017-09-29T19:00:19.763Z
95.5 GLO,Cumulus-Media,955-glo,https://studio.xapp.ai/Cumulus-Media/955-glo,Live,2017-09-29T18:49:17.868Z
955 Nash Icon,Cumulus-Media,955-nash-icon,https://studio.xapp.ai/Cumulus-Media/955-nash-icon,Live,2017-10-25T17:40:19.995Z
95.5 PLJ,Cumulus-Media,955-plj,https://studio.xapp.ai/Cumulus-Media/955-plj,Live,2017-09-29T18:14:07.933Z
95.5 The Vibe,Cumulus-Media,955-the-vibe,https://studio.xapp.ai/Cumulus-Media/955-the-vibe,Live,2017-09-29T18:33:55.471Z
95.5 WFMS,Cumulus-Media,955-wfms,https://studio.xapp.ai/Cumulus-Media/955-wfms,Live,2017-09-29T19:00:46.222Z
95.7 THE VIBE,Cumulus-Media,957-the-vibe,https://studio.xapp.ai/Cumulus-Media/957-the-vibe,Live,2017-09-29T18:52:38.805Z
95.9 The Rocket (NEW),Cumulus-Media,959-the-rocket-new,https://studio.xapp.ai/Cumulus-Media/959-the-rocket-new,Live,2019-05-31T21:23:24.115Z
95KGGO,Cumulus-Media,95kggo,https://studio.xapp.ai/Cumulus-Media/95kggo,Live,2017-09-29T18:51:41.461Z
95SX,Cumulus-Media,95sx,https://studio.xapp.ai/Cumulus-Media/95sx,Live,2017-09-29T18:54:29.822Z
95X,Cumulus-Media,95x,https://studio.xapp.ai/Cumulus-Media/95x,Live,2017-09-29T18:00:23.267Z
96.1 Jamz,Cumulus-Media,961-jamz,https://studio.xapp.ai/Cumulus-Media/961-jamz,Live,2017-09-29T18:47:14.861Z
96.1 KZEL,Cumulus-Media,961-kzel,https://studio.xapp.ai/Cumulus-Media/961-kzel,Live,2018-05-29T16:49:41.794Z
96.1 KZEL,Cumulus-Media,961-kzel-Myk1T,https://studio.xapp.ai/Cumulus-Media/961-kzel-Myk1T,Live,2018-08-20T20:45:30.037Z
96.1 SOX,Cumulus-Media,961-sox,https://studio.xapp.ai/Cumulus-Media/961-sox,Live,2017-09-29T18:54:22.276Z
96.1 WHNN,Cumulus-Media,961-whnn,https://studio.xapp.ai/Cumulus-Media/961-whnn,,
96.3 KSCS,Cumulus-Media,963-kscs,https://studio.xapp.ai/Cumulus-Media/963-kscs,Live,2017-09-29T18:35:48.172Z
96.3 NASH Icon 96.3 F.M.,Cumulus-Media,963-nash-icon-963-fm-qnk7x,https://studio.xapp.ai/Cumulus-Media/963-nash-icon-963-fm-qnk7x,Live,2018-06-13T15:43:22.537Z
96.3 WDVD,Cumulus-Media,963-wdvd,https://studio.xapp.ai/Cumulus-Media/963-wdvd,Live,2017-10-04T16:35:41.025Z
96.9 The Eagle,Cumulus-Media,969-the-eagle,https://studio.xapp.ai/Cumulus-Media/969-the-eagle,Live,2017-09-29T18:48:28.231Z
96.9 The Fox,Cumulus-Media,969-the-fox,https://studio.xapp.ai/Cumulus-Media/969-the-fox,Live,2017-09-29T18:59:30.781Z
96.9 The Wolf,Cumulus-Media,969-the-wolf,https://studio.xapp.ai/Cumulus-Media/969-the-wolf,Live,2019-06-26T19:51:02.968Z
97 Rock,Cumulus-Media,97-rock,https://studio.xapp.ai/Cumulus-Media/97-rock,Live,2017-09-29T18:11:50.492Z
971/957 BHT,Cumulus-Media,971957-bht,https://studio.xapp.ai/Cumulus-Media/971957-bht,Live,2017-10-17T13:38:54.750Z
973 NASH FM Peoria,Cumulus-Media,973-nash-fm-peoria,https://studio.xapp.ai/Cumulus-Media/973-nash-fm-peoria,Live,2018-05-29T16:58:21.585Z
97.3 River Country,Cumulus-Media,973-river-country,https://studio.xapp.ai/Cumulus-Media/973-river-country,Incomplete,2019-12-23T19:30:34.750Z
97.5 Nash Icon Muskegon,Cumulus-Media,975-nash-icon-muskegon,https://studio.xapp.ai/Cumulus-Media/975-nash-icon-muskegon,Live,2019-08-23T13:56:55.193Z
97.5 The Vibe,Cumulus-Media,975-the-vibe,https://studio.xapp.ai/Cumulus-Media/975-the-vibe,Live,2017-09-29T18:21:24.252Z
97.5 WABD,Cumulus-Media,975-wabd,https://studio.xapp.ai/Cumulus-Media/975-wabd,Live,2017-09-29T18:57:08.146Z
97.7 / 98.3 KWIN,Cumulus-Media,977--983-kwin,https://studio.xapp.ai/Cumulus-Media/977--983-kwin,Live,2017-09-29T18:47:58.491Z
97.9 The Loop WLUP,Cumulus-Media,979-the-loop-wlup,https://studio.xapp.ai/Cumulus-Media/979-the-loop-wlup,Archived,2019-10-30T19:09:10.239Z
979X,Cumulus-Media,979x,https://studio.xapp.ai/Cumulus-Media/979x,Live,2017-09-29T18:54:10.261Z
980 The WAAV,Cumulus-Media,980-the-waav,https://studio.xapp.ai/Cumulus-Media/980-the-waav,Live,2017-09-29T18:52:16.059Z
98.1 KKFM,Cumulus-Media,981-kkfm,https://studio.xapp.ai/Cumulus-Media/981-kkfm,Live: Requires Cert,2020-02-06T22:29:26.200Z
98.1 THE MAX,Cumulus-Media,981-the-max,https://studio.xapp.ai/Cumulus-Media/981-the-max,Live,2017-09-29T18:53:26.227Z
98.3 The Vibe,Cumulus-Media,983-the-vibe,https://studio.xapp.ai/Cumulus-Media/983-the-vibe,Archived,2021-08-25T21:03:11.823Z
98.5 Kiss FM,Cumulus-Media,985-kiss-fm,https://studio.xapp.ai/Cumulus-Media/985-kiss-fm,Live,2017-09-29T18:25:55.354Z
98.5 WOMG,Cumulus-Media,985-womg,https://studio.xapp.ai/Cumulus-Media/985-womg,Live,2018-05-29T16:48:46.402Z
98.9 KISS-FM,Cumulus-Media,989-kiss-fm,https://studio.xapp.ai/Cumulus-Media/989-kiss-fm,Live,2017-09-29T18:57:48.616Z
98.9 Magic FM,Cumulus-Media,989-magic-fm,https://studio.xapp.ai/Cumulus-Media/989-magic-fm,Live,2017-10-17T13:37:57.493Z
98.9 Nash Icon,Cumulus-Media,989-nash-icon,https://studio.xapp.ai/Cumulus-Media/989-nash-icon,Live,2019-03-18T18:38:11.866Z
98.9 Nash Icon Worcester,Cumulus-Media,989-nash-icon-worcester,https://studio.xapp.ai/Cumulus-Media/989-nash-icon-worcester,Live,2018-05-29T17:00:40.683Z
98.9 The Bridge,Cumulus-Media,989-the-bridge,https://studio.xapp.ai/Cumulus-Media/989-the-bridge,Live,2018-02-13T16:58:05.641Z
98.9 The Vibe,Cumulus-Media,989-the-vibe,https://studio.xapp.ai/Cumulus-Media/989-the-vibe,Live,2017-09-29T18:50:15.044Z
98.9 The Vibe,Cumulus-Media,989-the-vibe-tuqdb,https://studio.xapp.ai/Cumulus-Media/989-the-vibe-tuqdb,Incomplete,2021-02-19T22:01:03.641Z
99 Rock,Cumulus-Media,99-rock,https://studio.xapp.ai/Cumulus-Media/99-rock,Live,2017-09-29T19:03:25.306Z
99.1 KXKC,Cumulus-Media,991-kxkc,https://studio.xapp.ai/Cumulus-Media/991-kxkc,Incomplete,2020-09-04T14:54:05.169Z
99.1 The Sports Animal,Cumulus-Media,991-the-sports-animal,https://studio.xapp.ai/Cumulus-Media/991-the-sports-animal,Live,2017-09-29T18:47:31.867Z
99.3 KJOY,Cumulus-Media,993-kjoy,https://studio.xapp.ai/Cumulus-Media/993-kjoy,Live,2017-09-29T18:34:07.027Z
99.3 The Eagle Topkea,Cumulus-Media,993-the-eagle-topkea,https://studio.xapp.ai/Cumulus-Media/993-the-eagle-topkea,Live,2018-07-24T15:24:46.907Z
99.5 Magic FM,Cumulus-Media,995-magic-fm,https://studio.xapp.ai/Cumulus-Media/995-magic-fm,Live,2017-09-29T18:24:16.781Z
99.5 PKR,Cumulus-Media,995-pkr,https://studio.xapp.ai/Cumulus-Media/995-pkr,Live,2021-10-22T19:08:14.695Z
99.5 the Wolf,Cumulus-Media,995-the-wolf,https://studio.xapp.ai/Cumulus-Media/995-the-wolf,Live,2022-07-08T17:48:21.281Z
99.5 WPKR,Cumulus-Media,995-wpkr,https://studio.xapp.ai/Cumulus-Media/995-wpkr,Live,2022-06-14T14:27:53.584Z
99.5 ZPL,Cumulus-Media,995-zpl,https://studio.xapp.ai/Cumulus-Media/995-zpl,Live,2019-03-21T19:24:08.481Z
99.7 KMJJ,Cumulus-Media,997-kmjj,https://studio.xapp.ai/Cumulus-Media/997-kmjj,Live,2017-09-29T18:55:10.912Z
99.9 Classy 100 Erie,Cumulus-Media,999-classy-100-erie,https://studio.xapp.ai/Cumulus-Media/999-classy-100-erie,Live,2018-05-29T16:49:05.478Z
99.9 The Hawk Radio,Cumulus-Media,999thehawkradio,https://studio.xapp.ai/Cumulus-Media/999thehawkradio,Live,2019-06-10T14:49:49.895Z
Alice 104-9,Cumulus-Media,alice-104-9,https://studio.xapp.ai/Cumulus-Media/alice-104-9,,
Alice 107.7,Cumulus-Media,alice-1077,https://studio.xapp.ai/Cumulus-Media/alice-1077,Live,2017-09-29T18:42:34.087Z
"All The Hits, B 95.1",Cumulus-Media,all-the-hits-b-951,https://studio.xapp.ai/Cumulus-Media/all-the-hits-b-951,Live,2017-09-29T18:33:26.369Z
Alt 92.3,Cumulus-Media,alt-923,https://studio.xapp.ai/Cumulus-Media/alt-923,Live,2017-09-29T18:17:54.574Z
ALT 101.9,Cumulus-Media,alt1011,https://studio.xapp.ai/Cumulus-Media/alt1011,Live,2017-09-29T18:35:25.608Z
AM 1230 HD,Cumulus-Media,am-1230-hd,https://studio.xapp.ai/Cumulus-Media/am-1230-hd,,
AM 640 WXSM,Cumulus-Media,am-640-wxsm,https://studio.xapp.ai/Cumulus-Media/am-640-wxsm,Live,2017-09-29T18:23:51.875Z
AM 740 KVOR,Cumulus-Media,am-740-kvor,https://studio.xapp.ai/Cumulus-Media/am-740-kvor,Live,2017-09-29T18:44:18.674Z
AM 790,Cumulus-Media,am-790,https://studio.xapp.ai/Cumulus-Media/am-790,Live,2017-09-29T18:38:19.611Z
AM910 WJCW,Cumulus-Media,am910-wjcw,https://studio.xapp.ai/Cumulus-Media/am910-wjcw,Live,2017-10-12T19:11:52.459Z
Ann Arbor's 107one,Cumulus-Media,ann-arbors-107one,https://studio.xapp.ai/Cumulus-Media/ann-arbors-107one,Live,2017-09-29T18:54:16.473Z
B 98.5,Cumulus-Media,b-985,https://studio.xapp.ai/Cumulus-Media/b-985,Archived,2021-09-13T15:02:18.908Z
B 98.5,Cumulus-Media,b-985-cfi8i,https://studio.xapp.ai/Cumulus-Media/b-985-cfi8i,Archived,2019-09-18T15:31:50.405Z
B 98.5,Cumulus-Media,b-985-zvkkr,https://studio.xapp.ai/Cumulus-Media/b-985-zvkkr,Live,2019-09-20T18:44:07.070Z
B104,Cumulus-Media,b104,https://studio.xapp.ai/Cumulus-Media/b104,Live,2017-09-29T19:00:40.463Z
B106.7 WTCB,Cumulus-Media,b1067-wtcb,https://studio.xapp.ai/Cumulus-Media/b1067-wtcb,Live,2017-10-25T17:40:34.968Z
B95 Flint,Cumulus-Media,b95-flint,https://studio.xapp.ai/Cumulus-Media/b95-flint,Live,2021-04-08T18:33:26.770Z
B98.7,Cumulus-Media,b987,https://studio.xapp.ai/Cumulus-Media/b987,Live: Requires Cert,2020-01-17T17:25:05.713Z
Blazin 102.3,Cumulus-Media,blazin-1023,https://studio.xapp.ai/Cumulus-Media/blazin-1023,Live,2017-09-29T18:47:26.234Z
Cat Country 94.1,Cumulus-Media,cat-country-941,https://studio.xapp.ai/Cumulus-Media/cat-country-941,Live,2019-10-11T21:15:29.263Z
CAT COUNTRY 96,Cumulus-Media,cat-country-96,https://studio.xapp.ai/Cumulus-Media/cat-country-96,Live,2017-09-29T18:45:09.362Z
Chattanooga's 107.9 Nash Icon,Cumulus-Media,chattanoogas-1079-nash-icon,https://studio.xapp.ai/Cumulus-Media/chattanoogas-1079-nash-icon,Live,2018-05-29T16:48:14.518Z
Christmas 104,Cumulus-Media,christmas-104,https://studio.xapp.ai/Cumulus-Media/christmas-104,Live,2019-10-30T13:18:21.738Z
Christmas Radio,Cumulus-Media,christmas-radio,https://studio.xapp.ai/Cumulus-Media/christmas-radio,Live,2017-11-14T16:11:21.429Z
CK 105.5,Cumulus-Media,ck-1055,https://studio.xapp.ai/Cumulus-Media/ck-1055,Live,2017-09-29T18:38:37.815Z
Classic Hits 103.3,Cumulus-Media,classic-hits-1033,https://studio.xapp.ai/Cumulus-Media/classic-hits-1033,Live,2017-09-29T18:35:20.941Z
Classic Hits 104.1,Cumulus-Media,classic-hits-1041,https://studio.xapp.ai/Cumulus-Media/classic-hits-1041,Live,2017-09-29T18:23:39.512Z
Classic Rock 97 LAV,Cumulus-Media,classic-rock-97-lav,https://studio.xapp.ai/Cumulus-Media/classic-rock-97-lav,Live,2017-09-29T18:56:45.275Z
Coast 93.3,Cumulus-Media,coast-933,https://studio.xapp.ai/Cumulus-Media/coast-933,Live,2018-05-29T16:51:26.038Z
Coast 97.3,Cumulus-Media,coast-973,https://studio.xapp.ai/Cumulus-Media/coast-973,Live,2017-09-29T18:51:13.973Z
Cat Country Colorado,Cumulus-Media,colorados-cat-country-951,https://studio.xapp.ai/Cumulus-Media/colorados-cat-country-951,Incomplete,2020-04-13T19:53:48.740Z
E93,Cumulus-Media,e93,https://studio.xapp.ai/Cumulus-Media/e93,Live,2017-09-29T18:44:55.679Z
ESPN 630 DC,Cumulus-Media,espn-630-dc,https://studio.xapp.ai/Cumulus-Media/espn-630-dc,Live,2019-07-01T13:58:17.488Z
ESPN Dallas Radio,Cumulus-Media,espn-dallas-radio,https://studio.xapp.ai/Cumulus-Media/espn-dallas-radio,Live,2017-10-25T17:41:45.881Z
Ferrall on the Bets,Cumulus-Media,ferrall-on-the-bets,https://studio.xapp.ai/Cumulus-Media/ferrall-on-the-bets,,
Fox Cincinnati,Cumulus-Media,fox-cincinnati,https://studio.xapp.ai/Cumulus-Media/fox-cincinnati,Live,2017-09-29T18:36:13.646Z
Fun 96.9 FM,Cumulus-Media,fun-969-fm,https://studio.xapp.ai/Cumulus-Media/fun-969-fm,Live,2017-09-29T18:57:18.628Z
Glory 98.5,Cumulus-Media,glory-985,https://studio.xapp.ai/Cumulus-Media/glory-985,Live,2017-09-29T19:04:06.641Z
Gulf 104,Cumulus-Media,gulf-104,https://studio.xapp.ai/Cumulus-Media/gulf-104,Live,2017-09-29T18:48:03.997Z
Heaven 106.7 FM,Cumulus-Media,heaven-1067-fm,https://studio.xapp.ai/Cumulus-Media/heaven-1067-fm,,
Heaven 1410,Cumulus-Media,heaven-1410,https://studio.xapp.ai/Cumulus-Media/heaven-1410,Live,2017-09-29T19:01:50.341Z
Heaven 1460 WXOK,Cumulus-Media,heaven-1460-wxok,https://studio.xapp.ai/Cumulus-Media/heaven-1460-wxok,Live,2017-09-29T18:34:01.000Z
Hit Country Kix 96,Cumulus-Media,hit-country-kix-96,https://studio.xapp.ai/Cumulus-Media/hit-country-kix-96,Live,2019-12-17T20:55:47.659Z
Hot 101,Cumulus-Media,hot-101,https://studio.xapp.ai/Cumulus-Media/hot-101,Live,2017-09-29T19:00:02.634Z
Hot 1025,Cumulus-Media,hot-1025,https://studio.xapp.ai/Cumulus-Media/hot-1025,Live,2017-09-29T18:59:24.350Z
HOT 106,Cumulus-Media,hot-106,https://studio.xapp.ai/Cumulus-Media/hot-106,Live,2017-09-29T18:50:42.798Z
HOT 106.7,Cumulus-Media,hot-1067,https://studio.xapp.ai/Cumulus-Media/hot-1067,Live,2019-03-21T19:25:32.864Z
HOT 107.7,Cumulus-Media,hot-1077,https://studio.xapp.ai/Cumulus-Media/hot-1077,Live,2017-09-29T18:44:49.591Z
Hot 93.3,Cumulus-Media,hot-933,https://studio.xapp.ai/Cumulus-Media/hot-933,Live,2017-09-29T18:42:40.381Z
Hot 93.5 FM,Cumulus-Media,hot-935-fm,https://studio.xapp.ai/Cumulus-Media/hot-935-fm,Live,2017-10-17T13:36:06.816Z
Hot 97.1,Cumulus-Media,hot-971,https://studio.xapp.ai/Cumulus-Media/hot-971,,
I-92,Cumulus-Media,i-92,https://studio.xapp.ai/Cumulus-Media/i-92,Live,2017-09-29T18:56:32.693Z
I-95,Cumulus-Media,i-95,https://studio.xapp.ai/Cumulus-Media/i-95,Live,2017-09-29T18:33:45.571Z
Indianapolis' Energy 93.9,Cumulus-Media,indianapolis-energy-939,https://studio.xapp.ai/Cumulus-Media/indianapolis-energy-939,Live,2018-02-13T16:58:02.197Z
Jet 100.7,Cumulus-Media,jet-1007,https://studio.xapp.ai/Cumulus-Media/jet-1007,Live,2017-09-29T18:18:32.386Z
JOCKS NINETY FOUR FIVE POINT FIVE f. m.,Cumulus-Media,jocks-ninety-four-five-point-five-f-m,https://studio.xapp.ai/Cumulus-Media/jocks-ninety-four-five-point-five-f-m,Live,2018-10-01T16:43:25.262Z
Jox 94.5 FM,Cumulus-Media,jox-945-fm,https://studio.xapp.ai/Cumulus-Media/jox-945-fm,Live,2017-09-29T18:05:55.636Z
K 100,Cumulus-Media,k-100,https://studio.xapp.ai/Cumulus-Media/k-100,Live,2017-09-29T18:58:27.919Z
K 105 Country,Cumulus-Media,k-105-country,https://studio.xapp.ai/Cumulus-Media/k-105-country,Live,2017-11-27T19:11:49.570Z
K 107.3,Cumulus-Media,k-1073,https://studio.xapp.ai/Cumulus-Media/k-1073,Incomplete,2021-01-19T22:44:59.284Z
K-Bull 93,Cumulus-Media,k-bull-93,https://studio.xapp.ai/Cumulus-Media/k-bull-93,Live,2017-09-29T18:00:05.200Z
K-Bull 98.1,Cumulus-Media,k-bull-981,https://studio.xapp.ai/Cumulus-Media/k-bull-981,Live,2017-09-29T18:35:08.170Z
K-HIT 107.5,Cumulus-Media,k-hit-1075,https://studio.xapp.ai/Cumulus-Media/k-hit-1075,Live,2017-09-29T18:51:23.034Z
K92.9,Cumulus-Media,k929,https://studio.xapp.ai/Cumulus-Media/k929,Live,2020-10-28T22:00:57.908Z
KABC-AM,Cumulus-Media,kabc-am,https://studio.xapp.ai/Cumulus-Media/kabc-am,Live,2017-09-29T18:13:06.046Z
Kansas Chiefs Radio Network,Cumulus-Media,kansas-chiefs-radio-network,https://studio.xapp.ai/Cumulus-Media/kansas-chiefs-radio-network,Live,2017-10-17T13:36:47.758Z
KARN News Radio,Cumulus-Media,karn-news-radio,https://studio.xapp.ai/Cumulus-Media/karn-news-radio,Live,2017-09-29T18:42:15.908Z
KAT COUNTRY 103,Cumulus-Media,kat-country-103,https://studio.xapp.ai/Cumulus-Media/kat-country-103,Live,2017-09-29T18:43:27.612Z
KBCY 99.7,Cumulus-Media,kbcy-997,https://studio.xapp.ai/Cumulus-Media/kbcy-997,Live,2017-09-29T18:23:58.963Z
KBER 101,Cumulus-Media,kber-101,https://studio.xapp.ai/Cumulus-Media/kber-101,Live,2017-09-29T18:37:59.936Z
KBOI FM,Cumulus-Media,kboi-fm,https://studio.xapp.ai/Cumulus-Media/kboi-fm,,
KCMO 710 AM,Cumulus-Media,kcmo-710-am,https://studio.xapp.ai/Cumulus-Media/kcmo-710-am,Live,2017-09-29T18:45:46.898Z
KD 101.7,Cumulus-Media,kd-1017,https://studio.xapp.ai/Cumulus-Media/kd-1017,Live,2021-04-27T19:04:28.673Z
KFOG,Cumulus-Media,kfog,https://studio.xapp.ai/Cumulus-Media/kfog,Live,2017-10-04T16:57:27.782Z
KGO 810,Cumulus-Media,kgo-810,https://studio.xapp.ai/Cumulus-Media/kgo-810,Live,2017-09-29T18:35:32.243Z
KHOP 95.1,Cumulus-Media,khop-951,https://studio.xapp.ai/Cumulus-Media/khop-951,Live,2017-09-29T18:42:47.404Z
Kicks 101.5,Cumulus-Media,kicks-1015,https://studio.xapp.ai/Cumulus-Media/kicks-1015,Live,2017-09-29T18:36:00.098Z
KiiM-FM 99.5,Cumulus-Media,kiim-fm-995,https://studio.xapp.ai/Cumulus-Media/kiim-fm-995,Live,2017-09-29T18:50:02.929Z
KiiM-FM 99.5,Cumulus-Media,kiim-fm-995-4z74p,https://studio.xapp.ai/Cumulus-Media/kiim-fm-995-4z74p,Live,2019-05-31T21:22:46.213Z
KISS 103.1,Cumulus-Media,kiss-1031,https://studio.xapp.ai/Cumulus-Media/kiss-1031,Live,2017-09-29T18:40:44.564Z
Kissin' 92.3,Cumulus-Media,kissin-923,https://studio.xapp.ai/Cumulus-Media/kissin-923,Live,2017-09-29T19:00:52.529Z
KIX 106,Cumulus-Media,kix-106,https://studio.xapp.ai/Cumulus-Media/kix-106,Live,2017-09-29T18:51:05.559Z
KIX 96 WJCL,Cumulus-Media,kix-96-wjcl,https://studio.xapp.ai/Cumulus-Media/kix-96-wjcl,Live,2017-09-29T18:24:43.030Z
KMAJ 107.7,Cumulus-Media,kmaj-1077,https://studio.xapp.ai/Cumulus-Media/kmaj-1077,Live,2017-09-29T18:39:20.350Z
KMEZ 102.9 ,Cumulus-Media,kmez-1029,https://studio.xapp.ai/Cumulus-Media/kmez-1029,Live,2019-03-13T15:07:39.464Z
KMJ 580,Cumulus-Media,kmj-580,https://studio.xapp.ai/Cumulus-Media/kmj-580,Live,2017-09-29T18:24:32.318Z
KNBR,Cumulus-Media,knbr,https://studio.xapp.ai/Cumulus-Media/knbr,Live,2017-09-29T18:39:11.620Z
KNEK 104.7,Cumulus-Media,knek-1047,https://studio.xapp.ai/Cumulus-Media/knek-1047,Live,2017-09-29T18:54:49.711Z
KQXL-FM Q106.5,Cumulus-Media,kqxl-fm-q1065,https://studio.xapp.ai/Cumulus-Media/kqxl-fm-q1065,Live,2017-09-29T18:42:54.723Z
KRRQ Q 95.5,Cumulus-Media,krrq-q-955,https://studio.xapp.ai/Cumulus-Media/krrq-q-955,Live,2017-10-25T17:56:04.583Z
KSFO-AM,Cumulus-Media,ksfo-am,https://studio.xapp.ai/Cumulus-Media/ksfo-am,Live,2017-09-29T18:40:55.995Z
KTIK The Ticket,Cumulus-Media,ktik-the-ticket,https://studio.xapp.ai/Cumulus-Media/ktik-the-ticket,,
K.T.U.C.,Cumulus-Media,ktuc,https://studio.xapp.ai/Cumulus-Media/ktuc,Archived,2019-04-18T16:08:50.997Z
KTUC,Cumulus-Media,ktuc-wyggH,https://studio.xapp.ai/Cumulus-Media/ktuc-wyggH,Live,2018-08-20T19:56:25.904Z
KUGN NEWS TALK 590,Cumulus-Media,kugn-news-talk-590,https://studio.xapp.ai/Cumulus-Media/kugn-news-talk-590,Live,2017-09-29T18:58:21.132Z
KYKZ 96,Cumulus-Media,kykz-96,https://studio.xapp.ai/Cumulus-Media/kykz-96,Live,2017-09-29T19:03:42.500Z
KZ106,Cumulus-Media,kz106,https://studio.xapp.ai/Cumulus-Media/kz106,Live,2017-09-29T18:32:58.784Z
Lehigh Valley Fox Sports,Cumulus-Media,lehighvalleyfoxsports,https://studio.xapp.ai/Cumulus-Media/lehighvalleyfoxsports,Live,2019-06-10T14:49:29.719Z
LITE 105,Cumulus-Media,lite-105,https://studio.xapp.ai/Cumulus-Media/lite-105,Live,2021-11-18T18:41:55.142Z
Lite 105 Christmas,Cumulus-Media,lite-105-christmas,https://studio.xapp.ai/Cumulus-Media/lite-105-christmas,Live,2021-11-15T17:39:14.182Z
Lite Rock 100.7,Cumulus-Media,lite-rock-1007,https://studio.xapp.ai/Cumulus-Media/lite-rock-1007,Live,2020-10-14T14:20:42.520Z
Lite Rock 105,Cumulus-Media,lite-rock-105,https://studio.xapp.ai/Cumulus-Media/lite-rock-105,Archived,2023-01-03T21:40:45.886Z
Lite Rock 105 Christmas,Cumulus-Media,lite-rock-105-christmas,https://studio.xapp.ai/Cumulus-Media/lite-rock-105-christmas,Archived,2020-12-31T18:02:44.709Z
Love 105,Cumulus-Media,love-105,https://studio.xapp.ai/Cumulus-Media/love-105,Live,2019-05-31T21:24:08.001Z
Macon 92.3,Cumulus-Media,macon-923,https://studio.xapp.ai/Cumulus-Media/macon-923,,
Magic 102.5,Cumulus-Media,magic-1025,https://studio.xapp.ai/Cumulus-Media/magic-1025,Live,2017-09-29T18:56:09.498Z
Magic 102.9,Cumulus-Media,magic-1029,https://studio.xapp.ai/Cumulus-Media/magic-1029,Live,2017-09-29T18:55:46.139Z
Magic 103.9,Cumulus-Media,magic-1039,https://studio.xapp.ai/Cumulus-Media/magic-1039,Live,2017-09-29T18:53:45.044Z
Magic 106.9,Cumulus-Media,magic-1069,https://studio.xapp.ai/Cumulus-Media/magic-1069,Live,2017-10-04T16:59:42.494Z
MAGIC 107.3,Cumulus-Media,magic-1073,https://studio.xapp.ai/Cumulus-Media/magic-1073,Live,2017-10-25T17:40:42.916Z
Magic 107.3 KMJK,Cumulus-Media,magic-1073-kmjk,https://studio.xapp.ai/Cumulus-Media/magic-1073-kmjk,Archived,2021-04-08T17:22:32.703Z
Magic 93 - WMGS,Cumulus-Media,magic-93---wmgs,https://studio.xapp.ai/Cumulus-Media/magic-93---wmgs,Live,2017-09-29T18:35:13.549Z
MAGIC 94.3,Cumulus-Media,magic-943,https://studio.xapp.ai/Cumulus-Media/magic-943,Live,2020-08-06T17:41:58.016Z
Magic 97.9,Cumulus-Media,magic-979,https://studio.xapp.ai/Cumulus-Media/magic-979,Live,2020-06-24T17:51:30.396Z
Mark Levin Show,Cumulus-Media,mark-levin-show,https://studio.xapp.ai/Cumulus-Media/mark-levin-show,Live,2017-10-09T19:35:39.260Z
Max94One,Cumulus-Media,max94one,https://studio.xapp.ai/Cumulus-Media/max94one,Live,2017-09-29T18:45:33.124Z
Mega 97.9,Cumulus-Media,mega-979,https://studio.xapp.ai/Cumulus-Media/mega-979,Live,2017-10-04T17:05:40.163Z
Mix 103.3 Montgomery,Cumulus-Media,mix-1033-montgomery,https://studio.xapp.ai/Cumulus-Media/mix-1033-montgomery,Live,2018-05-29T16:56:27.850Z
Mix 106.1,Cumulus-Media,mix-1061,https://studio.xapp.ai/Cumulus-Media/mix-1061,Live,2017-09-29T18:53:53.657Z
Mix 107.3,Cumulus-Media,mix-1073,https://studio.xapp.ai/Cumulus-Media/mix-1073,Live,2018-09-20T20:09:45.880Z
My 96.1 WHNN,Cumulus-Media,my-961-whnn,https://studio.xapp.ai/Cumulus-Media/my-961-whnn,Live,2017-10-18T12:12:30.085Z
Nash Colorado,Cumulus-Media,nash-colorado,https://studio.xapp.ai/Cumulus-Media/nash-colorado,Live,2017-09-29T18:56:28.143Z
NASH FM 101.7 ,Cumulus-Media,nash-fm-1017-,https://studio.xapp.ai/Cumulus-Media/nash-fm-1017-,Live,2019-04-29T19:28:54.828Z
NASH FM 102.5,Cumulus-Media,nash-fm-1025,https://studio.xapp.ai/Cumulus-Media/nash-fm-1025,Live,2017-09-29T19:02:05.334Z
NASH FM 102.7,Cumulus-Media,nash-fm-1027,https://studio.xapp.ai/Cumulus-Media/nash-fm-1027,Live,2017-09-29T18:37:44.680Z
NASH FM 102.7,Cumulus-Media,nash-fm-1027-6lovl,https://studio.xapp.ai/Cumulus-Media/nash-fm-1027-6lovl,Live,2019-05-31T21:24:52.716Z
NASH FM 103-3,Cumulus-Media,nash-fm-103-3,https://studio.xapp.ai/Cumulus-Media/nash-fm-103-3,Live,2017-09-29T18:14:00.417Z
NASH FM 106 5 ,Cumulus-Media,nash-fm-106-5-,https://studio.xapp.ai/Cumulus-Media/nash-fm-106-5-,Live,2020-08-06T17:42:25.400Z
NASH FM 106.7,Cumulus-Media,nash-fm-1067,https://studio.xapp.ai/Cumulus-Media/nash-fm-1067,Live,2017-10-18T12:12:08.318Z
NASH FM 92.9,Cumulus-Media,nash-fm-929,https://studio.xapp.ai/Cumulus-Media/nash-fm-929,Live,2017-09-29T18:58:37.506Z
NASH FM 93.1,Cumulus-Media,nash-fm-931,https://studio.xapp.ai/Cumulus-Media/nash-fm-931,Archived,2020-05-15T12:42:51.594Z
NASH FM 93.7 Wilkes-Barre,Cumulus-Media,nash-fm-937-wilkes-barre,https://studio.xapp.ai/Cumulus-Media/nash-fm-937-wilkes-barre,Live,2018-06-13T15:42:59.222Z
NASH FM 93.7 Wilkes-Barre,Cumulus-Media,nash-fm-937-wilkes-barre-rwcnx,https://studio.xapp.ai/Cumulus-Media/nash-fm-937-wilkes-barre-rwcnx,Live,2019-08-02T14:10:06.470Z
NASH FM 94.1,Cumulus-Media,nash-fm-941,https://studio.xapp.ai/Cumulus-Media/nash-fm-941,Archived,2019-10-15T20:22:47.976Z
NASH FM 94.5,Cumulus-Media,nash-fm-945,https://studio.xapp.ai/Cumulus-Media/nash-fm-945,Live,2017-09-29T18:39:34.493Z
NASH FM 94.7,Cumulus-Media,nash-fm-947,https://studio.xapp.ai/Cumulus-Media/nash-fm-947,Live: Requires Cert,2020-08-13T01:53:20.774Z
NASH FM 95.1,Cumulus-Media,nash-fm-951,https://studio.xapp.ai/Cumulus-Media/nash-fm-951,Archived,2021-04-08T18:33:42.882Z
NASH FM 96.9 Charleston,Cumulus-Media,nash-fm-969-charleston,https://studio.xapp.ai/Cumulus-Media/nash-fm-969-charleston,Live,2018-05-29T16:42:19.920Z
NASH FM 97.3,Cumulus-Media,nash-fm-973,https://studio.xapp.ai/Cumulus-Media/nash-fm-973,Live,2017-09-29T18:23:28.364Z
NASH FM 97.9 WXTA,Cumulus-Media,nash-fm-979-wxta,https://studio.xapp.ai/Cumulus-Media/nash-fm-979-wxta,Live,2018-05-29T16:49:23.119Z
NASH FM 99.1 Lafayette,Cumulus-Media,nash-fm-991-lafayette,https://studio.xapp.ai/Cumulus-Media/nash-fm-991-lafayette,Live,2018-06-13T15:43:47.613Z
NASH F.M. Peoria,Cumulus-Media,nash-fm-peoria,https://studio.xapp.ai/Cumulus-Media/nash-fm-peoria,Live,2018-08-20T20:46:09.235Z
NASH ICON 94.3,Cumulus-Media,nash-icon-943,https://studio.xapp.ai/Cumulus-Media/nash-icon-943,Live,2018-05-29T16:50:04.024Z
NashFM Wisconsin,Cumulus-Media,nashfm-wisconsin,https://studio.xapp.ai/Cumulus-Media/nashfm-wisconsin,Live,2017-09-29T19:01:18.595Z
New Country 101 FIVE,Cumulus-Media,new-country-101-five,https://studio.xapp.ai/Cumulus-Media/new-country-101-five,Incomplete,2019-11-13T20:10:31.966Z
New Country 107.9 Chattanooga,Cumulus-Media,new-country-1079-chattanooga,https://studio.xapp.ai/Cumulus-Media/new-country-1079-chattanooga,Live,2021-06-07T21:17:10.863Z
New Country 93.1 Detroit,Cumulus-Media,new-country-931-,https://studio.xapp.ai/Cumulus-Media/new-country-931-,Live,2020-03-02T21:44:11.713Z
New Country 96.3,Cumulus-Media,new-country-963,https://studio.xapp.ai/Cumulus-Media/new-country-963,Live,2019-07-18T19:16:32.499Z
K-Bull 93,Cumulus-Media,newkbull93palceholder,https://studio.xapp.ai/Cumulus-Media/newkbull93palceholder,,
News Radio 106.7,Cumulus-Media,news-radio-1067,https://studio.xapp.ai/Cumulus-Media/news-radio-1067,Live,2017-10-04T16:34:51.097Z
News Radio 1440,Cumulus-Media,news-radio-1440,https://studio.xapp.ai/Cumulus-Media/news-radio-1440,Live,2017-09-29T18:55:59.084Z
News Talk 1400 KFRU,Cumulus-Media,news-talk-1400-kfru,https://studio.xapp.ai/Cumulus-Media/news-talk-1400-kfru,Live,2017-09-29T19:04:19.247Z
News Talk 1400 KFRU,Cumulus-Media,news-talk-1400-kfru-tqlfl,https://studio.xapp.ai/Cumulus-Media/news-talk-1400-kfru-tqlfl,Archived,2019-05-31T21:20:56.583Z
News Talk 630 WPRO & 99.7 FM,Cumulus-Media,news-talk-630-wpro--997-fm,https://studio.xapp.ai/Cumulus-Media/news-talk-630-wpro--997-fm,Live,2017-09-29T18:44:10.750Z
News Talk 780 KOH,Cumulus-Media,news-talk-780-koh,https://studio.xapp.ai/Cumulus-Media/news-talk-780-koh,Live,2017-09-29T18:41:15.812Z
News Talk 790 WPIC,Cumulus-Media,news-talk-790-wpic,https://studio.xapp.ai/Cumulus-Media/news-talk-790-wpic,Live,2018-05-29T17:46:28.007Z
News Talk 98.7,Cumulus-Media,news-talk-987,https://studio.xapp.ai/Cumulus-Media/news-talk-987,Live,2017-11-27T19:06:03.146Z
News Talk 98.9,Cumulus-Media,news-talk-989,https://studio.xapp.ai/Cumulus-Media/news-talk-989,,
News Talk WVNN,Cumulus-Media,news-talk-wvnn,https://studio.xapp.ai/Cumulus-Media/news-talk-wvnn,Live,2017-09-29T18:45:27.551Z
Newsradio KKOB,Cumulus-Media,newsradio-kkob,https://studio.xapp.ai/Cumulus-Media/newsradio-kkob,Live: Requires Cert,2020-01-07T19:32:40.683Z
Newstalk 1030,Cumulus-Media,newstalk-1030,https://studio.xapp.ai/Cumulus-Media/newstalk-1030,Live,2017-09-29T18:52:45.143Z
Newstalk 1260 WFTW,Cumulus-Media,newstalk-1260-wftw,https://studio.xapp.ai/Cumulus-Media/newstalk-1260-wftw,Live,2017-09-29T18:58:06.252Z
NewsTalk 1340 WJRW,Cumulus-Media,newstalk-1340-wjrw,https://studio.xapp.ai/Cumulus-Media/newstalk-1340-wjrw,Archived,2022-11-16T19:21:48.597Z
Newstalk 940 WMAC,Cumulus-Media,newstalk-940-wmac,https://studio.xapp.ai/Cumulus-Media/newstalk-940-wmac,Live,2017-10-18T12:10:49.404Z
News/Talk 97.3 WVLK,Cumulus-Media,newstalk-973-wvlk,https://studio.xapp.ai/Cumulus-Media/newstalk-973-wvlk,Live,2017-09-29T18:17:47.600Z
News/Talk WXLM,Cumulus-Media,newstalk-wxlm,https://studio.xapp.ai/Cumulus-Media/newstalk-wxlm,Live,2017-09-29T18:24:22.980Z
Ninety-Nine X,Cumulus-Media,ninety-nine-x,https://studio.xapp.ai/Cumulus-Media/ninety-nine-x,Live,2017-10-17T13:37:32.075Z
OG 97.9,Cumulus-Media,og-979,https://studio.xapp.ai/Cumulus-Media/og-979,Live,2017-09-29T18:41:03.465Z
Old School 106.7,Cumulus-Media,old-school-1067,https://studio.xapp.ai/Cumulus-Media/old-school-1067,Live,2019-01-31T20:29:46.859Z
Oldies Z-104,Cumulus-Media,oldies-z-104,https://studio.xapp.ai/Cumulus-Media/oldies-z-104,Archived,2019-10-28T18:03:48.157Z
Peoria's 92.3,Cumulus-Media,peorias-923,https://studio.xapp.ai/Cumulus-Media/peorias-923,Live,2017-09-29T18:25:12.323Z
Power 101.9,Cumulus-Media,power-1019,https://studio.xapp.ai/Cumulus-Media/power-1019,Incomplete,2021-02-10T16:43:41.490Z
Power 102.9,Cumulus-Media,power-1029,https://studio.xapp.ai/Cumulus-Media/power-1029,Live,2017-09-29T18:59:35.714Z
Power 103,Cumulus-Media,power-103,https://studio.xapp.ai/Cumulus-Media/power-103,Live,2017-10-09T13:01:44.768Z
Power 105.7,Cumulus-Media,power-1057,https://studio.xapp.ai/Cumulus-Media/power-1057,Live,2017-09-29T19:04:00.360Z
Power 92 Jams,Cumulus-Media,power-92-jams,https://studio.xapp.ai/Cumulus-Media/power-92-jams,Live,2017-09-29T18:45:15.639Z
Power 94.9,Cumulus-Media,power-949,https://studio.xapp.ai/Cumulus-Media/power-949,Live,2017-09-29T18:25:26.566Z
Pure Rock 96,Cumulus-Media,pure-rock-96,https://studio.xapp.ai/Cumulus-Media/pure-rock-96,Live,2017-09-29T18:52:31.705Z
Q 100.5,Cumulus-Media,q-1005,https://studio.xapp.ai/Cumulus-Media/q-1005,Live,2020-08-14T18:18:52.273Z
Q105.5,Cumulus-Media,q-1055,https://studio.xapp.ai/Cumulus-Media/q-1055,Live,2017-09-29T19:03:10.103Z
Q 106.1,Cumulus-Media,q-1061,https://studio.xapp.ai/Cumulus-Media/q-1061,Live,2017-09-29T18:53:30.957Z
Q99 Atlanta,Cumulus-Media,q100-atlanta,https://studio.xapp.ai/Cumulus-Media/q100-atlanta,Live,2017-11-27T19:11:26.090Z
Q101,Cumulus-Media,q101-iyqc2,https://studio.xapp.ai/Cumulus-Media/q101-iyqc2,Live,2022-09-02T15:18:24.740Z
Q105 New London,Cumulus-Media,q105-new-london,https://studio.xapp.ai/Cumulus-Media/q105-new-london,Live,2021-04-06T14:57:57.847Z
Q94,Cumulus-Media,q94,https://studio.xapp.ai/Cumulus-Media/q94,Live,2017-09-29T18:39:28.024Z
Shreveport’s Q97.3,Cumulus-Media,q973-0e19c,https://studio.xapp.ai/Cumulus-Media/q973-0e19c,Requires Attention,2020-10-16T15:03:04.062Z
Q98 - WQSM-FM,Cumulus-Media,q98---wqsm-fm,https://studio.xapp.ai/Cumulus-Media/q98---wqsm-fm,Live,2017-09-29T18:55:32.444Z
Q99.7 Atlanta,Cumulus-Media,q99-atlanta-,https://studio.xapp.ai/Cumulus-Media/q99-atlanta-,Live,2019-01-31T20:31:42.695Z
Radio 103.9,Cumulus-Media,radio-1039,https://studio.xapp.ai/Cumulus-Media/radio-1039,Live,2017-10-04T16:56:06.548Z
ROCK 100.5,Cumulus-Media,rock-1005,https://studio.xapp.ai/Cumulus-Media/rock-1005,Live,2017-09-29T18:18:42.683Z
Rock 100.5 The KATT,Cumulus-Media,rock-1005-the-katt,https://studio.xapp.ai/Cumulus-Media/rock-1005-the-katt,Live,2017-09-29T18:48:51.949Z
Rock 101 Lake Charles,Cumulus-Media,rock-101-lake-charles,https://studio.xapp.ai/Cumulus-Media/rock-101-lake-charles,Live,2018-05-29T16:52:00.562Z
Rock 103,Cumulus-Media,rock-103,https://studio.xapp.ai/Cumulus-Media/rock-103,Live,2017-09-29T18:58:42.340Z
Rock 108 ,Cumulus-Media,rock-108-,https://studio.xapp.ai/Cumulus-Media/rock-108-,Live,2019-02-01T21:10:50.797Z
Soft Rock 101.5 KPLA,Cumulus-Media,soft-rock-1015-kpla,https://studio.xapp.ai/Cumulus-Media/soft-rock-1015-kpla,Live,2018-06-13T15:43:57.640Z
Soft Rock 94.1,Cumulus-Media,soft-rock-941,https://studio.xapp.ai/Cumulus-Media/soft-rock-941,Live,2017-09-29T19:01:44.555Z
Spin Radio 107.1,Cumulus-Media,spinradio1071,https://studio.xapp.ai/Cumulus-Media/spinradio1071,Archived,2019-10-15T20:14:09.849Z
Sports Radio 1270 The Fan,Cumulus-Media,sports-radio-1270-the-fan,https://studio.xapp.ai/Cumulus-Media/sports-radio-1270-the-fan,Live,2017-09-29T19:01:00.228Z
Sports Radio 1290 AM,Cumulus-Media,sports-radio-1290-am,https://studio.xapp.ai/Cumulus-Media/sports-radio-1290-am,Live,2017-09-29T18:49:12.106Z
Sports Radio 740,Cumulus-Media,sports-radio-740,https://studio.xapp.ai/Cumulus-Media/sports-radio-740,Live,2017-09-29T19:03:03.763Z
Sports Radio 96.7 WLLF,Cumulus-Media,sports-radio-967-wllf,https://studio.xapp.ai/Cumulus-Media/sports-radio-967-wllf,Live,2018-05-29T17:46:50.147Z
Star 98,Cumulus-Media,star-98,https://studio.xapp.ai/Cumulus-Media/star-98,Live,2017-09-29T18:58:54.767Z
Star 98.9,Cumulus-Media,star-989,https://studio.xapp.ai/Cumulus-Media/star-989,Live,2019-06-21T19:42:11.368Z
Star 98,Cumulus-Media,star98placeholdernew,https://studio.xapp.ai/Cumulus-Media/star98placeholdernew,Live,2022-10-26T14:23:52.149Z
Sunny 103.1,Cumulus-Media,sunny-1031,https://studio.xapp.ai/Cumulus-Media/sunny-1031,Live,2017-11-27T19:06:01.447Z
Sunny 92.5,Cumulus-Media,sunny-925,https://studio.xapp.ai/Cumulus-Media/sunny-925,Live,2019-08-23T13:57:11.393Z
Super Talk 1400,Cumulus-Media,super-talk-1400,https://studio.xapp.ai/Cumulus-Media/super-talk-1400,Live,2017-09-29T18:38:55.724Z
Supertalk 1570,Cumulus-Media,supertalk-1570,https://studio.xapp.ai/Cumulus-Media/supertalk-1570,Live,2017-09-29T18:39:05.389Z
Talk 1270,Cumulus-Media,talk-1270,https://studio.xapp.ai/Cumulus-Media/talk-1270,,
Talk 99.5,Cumulus-Media,talk-995,https://studio.xapp.ai/Cumulus-Media/talk-995,Live,2017-09-29T18:21:59.194Z
Talk Radio 102.3,Cumulus-Media,talk-radio-1023,https://studio.xapp.ai/Cumulus-Media/talk-radio-1023,Live,2017-10-04T16:59:09.688Z
98.3 The Vibe,Cumulus-Media,test-bad69,https://studio.xapp.ai/Cumulus-Media/test-bad69,Live,2021-08-25T21:03:35.276Z
The Big I 105 WIOV,Cumulus-Media,the-big-i-105-wiov,https://studio.xapp.ai/Cumulus-Media/the-big-i-105-wiov,Live,2017-09-29T18:50:35.378Z
The Big Station 93 BLX,Cumulus-Media,the-big-station-93-blx,https://studio.xapp.ai/Cumulus-Media/the-big-station-93-blx,Live,2017-09-29T18:46:23.053Z
THE FAN 107.5,Cumulus-Media,the-fan-1075,https://studio.xapp.ai/Cumulus-Media/the-fan-1075,Live,2017-09-29T17:59:43.913Z
The Loop Radio,Cumulus-Media,the-loop-radio,https://studio.xapp.ai/Cumulus-Media/the-loop-radio,Incomplete,2019-10-15T16:52:23.618Z
The Loop WLUP,Cumulus-Media,the-loop-wlup,https://studio.xapp.ai/Cumulus-Media/the-loop-wlup,Live,2019-03-22T15:19:56.969Z
The Q 94.5,Cumulus-Media,the-q-945,https://studio.xapp.ai/Cumulus-Media/the-q-945,Live,2019-08-19T13:59:05.997Z
The Score 1260 Syracuse,Cumulus-Media,the-score-1260-syracuse,https://studio.xapp.ai/Cumulus-Media/the-score-1260-syracuse,Live,2018-06-13T15:42:48.703Z
The Signal Syracuse,Cumulus-Media,the-signal-syracuse,https://studio.xapp.ai/Cumulus-Media/the-signal-syracuse,,
The Sports Animal,Cumulus-Media,the-sports-animal,https://studio.xapp.ai/Cumulus-Media/the-sports-animal,Archived,2019-05-07T17:51:15.398Z
The Sports Animal,Cumulus-Media,the-sports-animal-miqjn,https://studio.xapp.ai/Cumulus-Media/the-sports-animal-miqjn,Archived,2019-05-07T17:45:35.666Z
The Sports Animal,Cumulus-Media,the-sports-animal-myc4v,https://studio.xapp.ai/Cumulus-Media/the-sports-animal-myc4v,Live,2019-05-29T13:53:10.946Z
The Ticket 1050,Cumulus-Media,the-ticket-1050,https://studio.xapp.ai/Cumulus-Media/the-ticket-1050,Live,2017-10-12T19:11:40.101Z
The Ticket ESPN 100.7 FM,Cumulus-Media,the-ticket-espn-1007-fm,https://studio.xapp.ai/Cumulus-Media/the-ticket-espn-1007-fm,Live,2021-05-12T19:23:03.021Z
The Ticket West Michigan,Cumulus-Media,the-ticket-west-michigan,https://studio.xapp.ai/Cumulus-Media/the-ticket-west-michigan,Live,2019-08-19T13:59:27.655Z
The Rebel Rocks,Cumulus-Media,therebelrocks,https://studio.xapp.ai/Cumulus-Media/therebelrocks,Live,2019-05-31T21:27:39.268Z
Thunder 107.3,Cumulus-Media,thunder-1073,https://studio.xapp.ai/Cumulus-Media/thunder-1073,Live,2019-08-16T20:10:08.586Z
Ticket 1310,Cumulus-Media,ticket-1310,https://studio.xapp.ai/Cumulus-Media/ticket-1310,Live,2020-10-11T09:38:45.435Z
Toledo’s Zone,Cumulus-Media,toledos-zone,https://studio.xapp.ai/Cumulus-Media/toledos-zone,Live,2021-05-12T19:23:56.637Z
V 101.7,Cumulus-Media,v-1017,https://studio.xapp.ai/Cumulus-Media/v-1017,Live,2017-09-29T19:00:34.195Z
V100 Rocks Topeka,Cumulus-Media,v100-rocks-topeka,https://studio.xapp.ai/Cumulus-Media/v100-rocks-topeka,Live,2018-05-29T16:59:05.756Z
W4 Country,Cumulus-Media,w4-country,https://studio.xapp.ai/Cumulus-Media/w4-country,Live,2017-09-29T18:56:37.113Z
WA1A,Cumulus-Media,wa1a,https://studio.xapp.ai/Cumulus-Media/wa1a,Live,2017-09-29T18:59:07.211Z
Warm 1033,Cumulus-Media,warm-1033,https://studio.xapp.ai/Cumulus-Media/warm-1033,Live,2017-09-29T18:55:05.049Z
Warm 98,Cumulus-Media,warm-98,https://studio.xapp.ai/Cumulus-Media/warm-98,Live,2017-09-29T18:47:40.000Z
WBAP,Cumulus-Media,wbap,https://studio.xapp.ai/Cumulus-Media/wbap,Live,2017-09-29T18:41:29.533Z
WCOA Newstalk 1370,Cumulus-Media,wcoa-newstalk-1370,https://studio.xapp.ai/Cumulus-Media/wcoa-newstalk-1370,Live,2017-09-29T18:48:13.359Z
WEBE 108,Cumulus-Media,webe-108,https://studio.xapp.ai/Cumulus-Media/webe-108,Live,2017-09-29T18:36:27.801Z
WFNC 640 AM,Cumulus-Media,wfnc-640-am,https://studio.xapp.ai/Cumulus-Media/wfnc-640-am,Live,2017-09-29T18:47:49.668Z
104.5 The Zone,Cumulus-Media,wgfx-fm,https://studio.xapp.ai/Cumulus-Media/wgfx-fm,Live,2017-09-29T18:00:16.393Z
WGOK Gospel 900,Cumulus-Media,wgok-gospel-900,https://studio.xapp.ai/Cumulus-Media/wgok-gospel-900,Live,2017-10-25T17:41:32.414Z
WGOW AM 1150,Cumulus-Media,wgow-am-1150,https://studio.xapp.ai/Cumulus-Media/wgow-am-1150,Live,2017-09-29T18:49:37.017Z
WHEELZ 104.5,Cumulus-Media,wheelz-1045,https://studio.xapp.ai/Cumulus-Media/wheelz-1045,Live,2017-09-29T18:56:23.763Z
WHGB 96.5/95.3 & 1400,Cumulus-Media,whgb-965953--1400,https://studio.xapp.ai/Cumulus-Media/whgb-965953--1400,Live: Requires Cert,1970-01-19T06:09:47.363Z
WICC 600,Cumulus-Media,wicc-600,https://studio.xapp.ai/Cumulus-Media/wicc-600,Live,2017-09-29T18:49:31.139Z
Wild 102.9,Cumulus-Media,wild-1029,https://studio.xapp.ai/Cumulus-Media/wild-1029,Live,2017-09-29T18:21:33.401Z
WiLD 104-9,Cumulus-Media,wild-104-9,https://studio.xapp.ai/Cumulus-Media/wild-104-9,Live,2017-09-29T19:01:57.965Z
Wildcats Radio 1290 AM,Cumulus-Media,wildcats-radio-1290-am,https://studio.xapp.ai/Cumulus-Media/wildcats-radio-1290-am,Live,2018-02-13T16:57:43.224Z
WINK 104,Cumulus-Media,wink-104,https://studio.xapp.ai/Cumulus-Media/wink-104,Live,2017-10-17T13:35:51.412Z
WIVK-FM,Cumulus-Media,wivk-fm,https://studio.xapp.ai/Cumulus-Media/wivk-fm,Live,2017-09-29T18:45:53.079Z
WIVK-FM,Cumulus-Media,wivk-fm-XbNKa,https://studio.xapp.ai/Cumulus-Media/wivk-fm-XbNKa,Live,2018-01-02T16:49:32.349Z
WJBC,Cumulus-Media,wjbc,https://studio.xapp.ai/Cumulus-Media/wjbc,Live,2017-09-29T18:50:09.843Z
WJR-AM,Cumulus-Media,wjr-am,https://studio.xapp.ai/Cumulus-Media/wjr-am,Live,2017-09-29T18:35:38.711Z
WLS-AM 890,Cumulus-Media,wls-am-890,https://studio.xapp.ai/Cumulus-Media/wls-am-890,Live,2017-09-29T18:40:17.071Z
WLZN 92.3,Cumulus-Media,wlzn-923,https://studio.xapp.ai/Cumulus-Media/wlzn-923,Live,2017-09-29T19:03:37.129Z
WMAL 105.9 FM,Cumulus-Media,wmal-1059-fmam630,https://studio.xapp.ai/Cumulus-Media/wmal-1059-fmam630,Live,2019-07-02T14:42:11.811Z
WOGB,Cumulus-Media,wogb,https://studio.xapp.ai/Cumulus-Media/wogb,Live,2017-10-25T17:40:05.659Z
WRQX The Patriot,Cumulus-Media,wrqx-the-patriot,https://studio.xapp.ai/Cumulus-Media/wrqx-the-patriot,Live,2021-06-09T15:50:40.997Z
WRRX 106.1,Cumulus-Media,wrrx-1061,https://studio.xapp.ai/Cumulus-Media/wrrx-1061,Live,2017-09-29T19:03:19.832Z
NewsTalk 93.9 / WSBA 910,Cumulus-Media,wsba-910,https://studio.xapp.ai/Cumulus-Media/wsba-910,Live,2017-10-25T17:41:19.365Z
WTN,Cumulus-Media,wtn,https://studio.xapp.ai/Cumulus-Media/wtn,Live,2017-09-29T18:40:30.375Z
WVIB 100.1,Cumulus-Media,wvib-1001,https://studio.xapp.ai/Cumulus-Media/wvib-1001,Live,2018-05-29T16:58:02.022Z
WWQQ 101.3,Cumulus-Media,wwqq-1013,https://studio.xapp.ai/Cumulus-Media/wwqq-1013,Live,2018-05-29T17:00:21.804Z
CBS Sports 1430,Cumulus-Media,wxnt-cbs-1430,https://studio.xapp.ai/Cumulus-Media/wxnt-cbs-1430,Live: Requires Cert,1970-01-19T06:09:47.070Z
WYNN 106.3,Cumulus-Media,wynn-1063,https://studio.xapp.ai/Cumulus-Media/wynn-1063,Live,2017-09-29T18:55:25.442Z
X1051,Cumulus-Media,x1051,https://studio.xapp.ai/Cumulus-Media/x1051,Live,2017-09-29T18:37:29.009Z
Xtra Sports 1300,Cumulus-Media,xtra-sports-1300,https://studio.xapp.ai/Cumulus-Media/xtra-sports-1300,Live,2017-09-29T19:03:47.197Z
Y-103,Cumulus-Media,y-103,https://studio.xapp.ai/Cumulus-Media/y-103,Live,2017-10-17T13:36:57.615Z
Y101,Cumulus-Media,y101,https://studio.xapp.ai/Cumulus-Media/y101,Live,2017-09-29T18:40:38.197Z
Y102 Montgomery,Cumulus-Media,y102-montgomery,https://studio.xapp.ai/Cumulus-Media/y102-montgomery,Live,2017-11-27T19:06:04.844Z
Z 92.3 Peoria,Cumulus-Media,z-923-peoria,https://studio.xapp.ai/Cumulus-Media/z-923-peoria,Live,2020-03-03T17:30:25.125Z
Z 93 Jamz,Cumulus-Media,z-93-jamz,https://studio.xapp.ai/Cumulus-Media/z-93-jamz,Live,2017-09-29T18:48:36.971Z
Z 93.7,Cumulus-Media,z-937,https://studio.xapp.ai/Cumulus-Media/z-937,Live,2017-09-29T18:38:12.986Z
Z-Rock 103,Cumulus-Media,z-rock-103,https://studio.xapp.ai/Cumulus-Media/z-rock-103,Live,2017-09-29T18:25:18.061Z
Z102.3,Cumulus-Media,z1023,https://studio.xapp.ai/Cumulus-Media/z1023,Live,2017-09-29T18:21:39.937Z
Z92.7,Cumulus-Media,z927,https://studio.xapp.ai/Cumulus-Media/z927,Live,2018-06-13T15:42:36.387Z
Z93,Cumulus-Media,z93,https://studio.xapp.ai/Cumulus-Media/z93,Archived,2020-07-28T19:22:12.118Z
Z93,Cumulus-Media,z93-lafeo,https://studio.xapp.ai/Cumulus-Media/z93-lafeo,Live,2019-08-02T14:09:03.176Z
Z96,Cumulus-Media,z96,https://studio.xapp.ai/Cumulus-Media/z96,Live,2017-09-29T19:03:31.216Z
